wl_nm,reflectance_mean
350,0.09075554036565954
351,0.09009322075682988
352,0.08947387543661642
353,0.08889672344870707
354,0.08836098383678974
355,0.08786587564455234
356,0.0874106179156828
357,0.08699442969386903
358,0.08661653002279893
359,0.08627613794616043
360,0.08597247250764029
361,0.08569561035478417
362,0.08545664403327882
363,0.0852782889664223
364,0.08513244726056673
365,0.08500462668544038
366,0.0849042142514143
367,0.08482013576144784
368,0.08475005024651205
369,0.08471051321262213
370,0.08471486419043739
371,0.08474621045753988
372,0.08479526061333781
373,0.08485687139250152
374,0.08494442632787327
375,0.08506150390866529
376,0.0851874673290338
377,0.0853394664823165
378,0.08552240873388002
379,0.08572635268711123
380,0.08594293093001756
381,0.08616914709716018
382,0.08640078369638075
383,0.08664388376550777
384,0.08688066461994712
385,0.08710862106788719
386,0.08734348106919629
387,0.0875725244674318
388,0.08779416274332344
389,0.088031105835273
390,0.08520027910868633
391,0.08432208567364072
392,0.08507613914701338
393,0.08716728552857134
394,0.09030847797222519
395,0.09423847785586525
396,0.09871006532491974
397,0.10350634769901178
398,0.10842102582648011
399,0.11326336608103443
400,0.1178541954080928
401,0.1220326564254873
402,0.12565519915012469
403,0.1285904936457175
404,0.13071430253187932
405,0.13192249285497903
406,0.1321139876264512
407,0.13119039050230294
408,0.12907095953840111
409,0.12568330996595115
410,0.12094830557263482
411,0.1197613362240807
412,0.11877378951238281
413,0.11797701560872452
414,0.11734842681329646
415,0.1168641314646333
416,0.11650678609967755
417,0.11625722235001863
418,0.11609819915476327
419,0.11601697822639956
420,0.11599957115621508
421,0.11603315511361918
422,0.11610873213003184
423,0.11621775132660268
424,0.11635356729235474
425,0.11651042742808132
426,0.11668160490284601
427,0.11686538571804858
428,0.11706200028708118
429,0.11726921132523721
430,0.11748640342935862
431,0.11771293598319157
432,0.1179493609982646
433,0.11819640001271475
434,0.11845324581477594
435,0.11872012192339629
436,0.11899677244039543
437,0.11928169077809227
438,0.11957388067683387
439,0.11987298137637832
440,0.120177143588071
441,0.12048441063985696
442,0.12079374764903367
443,0.12110244818513247
444,0.12140901083322231
445,0.12171208711729856
446,0.12200995878850412
447,0.12230279040772782
448,0.12258956141729807
449,0.12286947898551304
450,0.1231416359661087
451,0.12340586637665998
452,0.12366232378944501
453,0.12391105403626326
454,0.12415149144522455
455,0.12438453957896763
456,0.12461066965806199
457,0.12482995148197279
458,0.12504313689598698
459,0.12525079065808928
460,0.12545398384473608
461,0.12565307844369072
462,0.12584902833073638
463,0.12604269871270038
464,0.12623525782095735
465,0.12642770060371206
466,0.12662075604391224
467,0.12681587938575106
468,0.12701433916034727
469,0.12721716054715554
470,0.1274264148950012
471,0.12764296537954445
472,0.1278674165988623
473,0.12810085554833944
474,0.12834358241006033
475,0.12859706408963456
476,0.12886204841417248
477,0.1291393533070879
478,0.12942969650510897
479,0.12973394172973726
480,0.13005289486458096
481,0.1303870348182739
482,0.130736713685788
483,0.13110215011381704
484,0.1314834807490953
485,0.13188075486281212
486,0.13229431104103148
487,0.13272462159131954
488,0.1331715890641818
489,0.13363541442245908
490,0.1341160056387498
491,0.1346113914413004
492,0.1351208891757546
493,0.13564447547951894
494,0.13618133739259142
495,0.1367309524845587
496,0.13729285976002964
497,0.13786659497905993
498,0.13845130290038532
499,0.13904624736778617
500,0.13965084651953028
501,0.14026474507912465
502,0.14088714860345772
503,0.1415175133667712
504,0.14215530102103735
505,0.14280019553042914
506,0.14345222992649126
507,0.14411071360036531
508,0.1447752419490147
509,0.14544620821522292
510,0.146122938541673
511,0.14680526882001185
512,0.14749321196401782
513,0.1481868441705754
514,0.1488858808343267
515,0.14959047071719336
516,0.15030098978630432
517,0.15101728539240172
518,0.15173899312428285
519,0.15246589752755585
520,0.15319840082157893
521,0.1539363600852704
522,0.15467980470413578
523,0.15542872050230938
524,0.1561830924186955
525,0.15694291163248145
526,0.15770844844411364
527,0.15847880525887814
528,0.15925415514991756
529,0.16003508004256248
530,0.1608212948085425
531,0.16161292438349553
532,0.16241020384553756
533,0.16321317100639043
534,0.1640217099633711
535,0.16483602695176333
536,0.1656560914905754
537,0.16648187269964693
538,0.1673133942410976
539,0.16815089116301227
540,0.16899465019466617
541,0.169844479897474
542,0.17070103880339768
543,0.17156381279404984
544,0.1724329343779053
545,0.17330819164741615
546,0.17418971156012805
547,0.17507714885872105
548,0.17597080348318223
549,0.17687077891619393
550,0.17777669742574587
551,0.1786884199097032
552,0.17960587342317266
553,0.18052813508711055
554,0.1814546444162899
555,0.18238560321558023
556,0.18332024632231075
557,0.18425783022720302
558,0.18519781621950226
559,0.18613939307518196
560,0.18708194955770602
561,0.18802457567827321
562,0.1889667849509045
563,0.18990744959423494
564,0.19084600481740513
565,0.19178169526524613
566,0.1927142830498498
567,0.19364288062905166
568,0.19456704961586196
569,0.1954866222925684
570,0.19640067293257402
571,0.19730890700151754
572,0.1982104970797352
573,0.19910469269608477
574,0.1999914260595123
575,0.20087072738800651
576,0.2017417900272108
577,0.20260442301559933
578,0.20345808168201773
579,0.20430182505519506
580,0.20513530648346143
581,0.20595752301425752
582,0.20676822681159326
583,0.2075672419306528
584,0.20835411040271234
585,0.20912889787455297
586,0.2098917804967731
587,0.21064288067387046
588,0.21138233065299766
589,0.2121102845275123
590,0.2128265155348728
591,0.21353189886592844
592,0.21422691413139203
593,0.21491202754927266
594,0.21558825521929031
595,0.21625614868501558
596,0.21691589129214964
597,0.21756807947669032
598,0.2182124563193928
599,0.21884902901985354
600,0.21947783866143086
601,0.22009924380042734
602,0.2207140607429125
603,0.2213226078989803
604,0.22192493027268587
605,0.22252145235217383
606,0.22311232236647352
607,0.22369759918246368
608,0.22427706794452523
609,0.22485113952168778
610,0.22542004444702918
611,0.22598416976121735
612,0.2265439485119655
613,0.2270993220331251
614,0.22765075790292497
615,0.22819843998611258
616,0.22874263319805388
617,0.22928401865578
618,0.22982261103832224
619,0.23035902766157004
620,0.23089370048298802
621,0.23142717534648866
622,0.2319597548330287
623,0.23249152787038113
624,0.23302258808800025
625,0.23355348336561646
626,0.2340843757230359
627,0.23461536246362874
628,0.2351468005054071
629,0.2356788040104296
630,0.23621135541849286
631,0.23674469015937072
632,0.23727909632520655
633,0.2378144039180394
634,0.23835089349101926
635,0.23888852155458282
636,0.2394271942663594
637,0.23996704233775015
638,0.24050773133498632
639,0.24104931636011767
640,0.24159146043994167
641,0.2421340039280369
642,0.24267682373134258
643,0.24321976499531003
644,0.24376281619299883
645,0.24430595943939676
646,0.24484896869906414
647,0.24539176418764083
648,0.2459344892258784
649,0.2464772591704816
650,0.2470201601725382
651,0.24756297665371563
652,0.2481057647630114
653,0.24864853130797568
654,0.2491914209119502
655,0.24973447444316815
656,0.2502775961108789
657,0.2508211941145264
658,0.2513654056044462
659,0.25191040272004644
660,0.2524561381212197
661,0.2530025419786315
662,0.25354995939080577
663,0.254098516319198
664,0.254648261609456
665,0.2551990789022392
666,0.2557512915087367
667,0.2563048237123031
668,0.2568597384498426
669,0.2574159952002398
670,0.25797315761331174
671,0.2585311460926756
672,0.25909004192676377
673,0.25964978876401446
674,0.2602103306584688
675,0.260771730812835
676,0.261333626560709
677,0.26189623846882193
678,0.2624593087178886
679,0.263022567574015
680,0.2635859821892291
681,0.26414944814342356
682,0.26471330470287313
683,0.26527750952462736
684,0.2658423733403453
685,0.2664080448230744
686,0.2669746432357089
687,0.26754148532748767
688,0.2681084644431022
689,0.2686754520197583
690,0.26924240445515996
691,0.26980940400747344
692,0.27037651967242227
693,0.2709439271493354
694,0.2715115424172109
695,0.2720793019248393
696,0.272646620736054
697,0.273213602475186
698,0.2737803106564031
699,0.27434661871102484
700,0.2749127082955351
701,0.27547863784055154
702,0.27604425683471867
703,0.2766096446774835
704,0.2771750031278222
705,0.2777400724904927
706,0.2783046703891181
707,0.27886875514247006
708,0.2794323574956916
709,0.27999538053792816
710,0.2805578266687652
711,0.2811196809649503
712,0.2816810723165106
713,0.2822419662701108
714,0.2828021168029167
715,0.28336130635252266
716,0.2839193853779014
717,0.2844764590867588
718,0.28503263605821777
719,0.28558750967165103
720,0.28614133210372217
721,0.28669381591043486
722,0.28724461605280716
723,0.2877938695979911
724,0.28834144385141913
725,0.2888872490624341
726,0.2894313146537915
727,0.28997370999368166
728,0.2905140657835503
729,0.2910523280243401
730,0.29158864355470604
731,0.2921227973430036
732,0.2926547249084127
733,0.29318450041096117
734,0.2937121187785487
735,0.29423759879649325
736,0.29476102798667025
737,0.2952822710286423
738,0.29580155779214024
739,0.2963186711402634
740,0.29683382744043246
741,0.29734681579831784
742,0.2978576117701199
743,0.29836615879807804
744,0.2988721392123056
745,0.2993757791505807
746,0.2998769814510697
747,0.30037559566133987
748,0.3008716587938625
749,0.3013649844575229
750,0.30185555187558405
751,0.30234314068242607
752,0.3028276760347466
753,0.30330931168074093
754,0.30378798914193783
755,0.3042636852257451
756,0.30473641402602203
757,0.30520619125800263
758,0.3056730212709461
759,0.3061365850964521
760,0.3065968770162584
761,0.30705385209376335
762,0.3075074800633573
763,0.3079575637986881
764,0.30840372254209053
765,0.3088461856935838
766,0.3092845950897928
767,0.30971893103499193
768,0.31014935345209965
769,0.31057587314919266
770,0.3109986192055804
771,0.3114176906713261
772,0.31183297668508375
773,0.3122445103233454
774,0.3126523827832346
775,0.31305671521254147
776,0.3134574281607264
777,0.31385460768258633
778,0.31424817815731
779,0.31463801587956064
780,0.3150242903744911
781,0.315407191383525
782,0.3157868204585269
783,0.3161628109977317
784,0.3165350467711589
785,0.31690370358248315
786,0.31726840314828875
787,0.31762926331838426
788,0.317986195572159
789,0.3183391881586061
790,0.3186881279818829
791,0.3190329401736851
792,0.3193733088923247
793,0.31970914418295215
794,0.32004060717356886
795,0.3203672568910492
796,0.32068928023862453
797,0.32100685232002757
798,0.3213201449996399
799,0.3216293957416299
800,0.321934808802382
801,0.3222366464436852
802,0.3225350306346201
803,0.3228299913712492
804,0.3231216041268811
805,0.32340990319599316
806,0.3236948270742643
807,0.3239767942612788
808,0.3242558437667995
809,0.3245322770935346
810,0.32480615899403015
811,0.32507782087739867
812,0.32534725295183053
813,0.3256146679084889
814,0.3258803692708797
815,0.32614448605106217
816,0.326407408833231
817,0.3266691069872868
818,0.3269300027024502
819,0.3271903504524149
820,0.3274501218627475
821,0.32770962150086297
822,0.327969256636467
823,0.3282289548061835
824,0.32877292762673377
825,0.3291593429806128
826,0.32940454989001416
827,0.3295260813468236
828,0.32953961698211
829,0.3294608902801971
830,0.32930589001699717
831,0.3290912982030904
832,0.3288328177443744
833,0.328547950307134
834,0.32825251660681143
835,0.32796282580870617
836,0.32769486073477205
837,0.3274652330011162
838,0.32729138442510786
839,0.3271895592148839
840,0.32717615957591173
841,0.3272683049980332
842,0.3274831117089374
843,0.3278371227743942
844,0.3283477812620323
845,0.32857385082356994
846,0.32879909136457486
847,0.3290230089901852
848,0.32924482247332254
849,0.3294639317380682
850,0.3296811399400048
851,0.3298963063690102
852,0.33010929266511274
853,0.33032136067838325
854,0.3305304601095844
855,0.3307367469007885
856,0.3309434796605818
857,0.33114878882018656
858,0.3313527321002158
859,0.3315568615189877
860,0.33176121194566865
861,0.33196520148583186
862,0.33216790955462605
863,0.33237156610468344
864,0.3325732548206778
865,0.33277548112593214
866,0.3329763427755067
867,0.3331764820464778
868,0.33337536276371793
869,0.33357288829461584
870,0.33377073350126263
871,0.33397170592630343
872,0.334172928435132
873,0.33437522629893424
874,0.3345786944534793
875,0.33478585769924335
876,0.33499626731627385
877,0.33520636399246606
878,0.3354183317222545
879,0.3356315350742292
880,0.3358420763379555
881,0.3360491717048067
882,0.3362534595272229
883,0.3364591436661943
884,0.33666252471000063
885,0.3368687281469708
886,0.3370770142295188
887,0.33728879904674625
888,0.33750537482055665
889,0.33772814112688143
890,0.3379580588027484
891,0.3381943427454728
892,0.3384311485514043
893,0.3386711308934015
894,0.33891346849491677
895,0.33915638527705505
896,0.3393971851730946
897,0.33963546599333444
898,0.3398706143260814
899,0.34010074224714565
900,0.34032609398983016
901,0.340548216461792
902,0.34076883047658235
903,0.3409906964470022
904,0.3412119829699487
905,0.3414360851517159
906,0.34166372092967634
907,0.34189536459719116
908,0.3421321222765157
909,0.34237237160029654
910,0.34261580999631214
911,0.3428613501313733
912,0.34310826453156523
913,0.3433571220424134
914,0.3436075014587979
915,0.34385886239782926
916,0.34411158229229843
917,0.3443654171098671
918,0.34462048997783
919,0.34487703829124366
920,0.34513471710667903
921,0.34539330187689654
922,0.34565319704602976
923,0.3459141311438959
924,0.3461755203005821
925,0.3464379155194681
926,0.34670061203812835
927,0.34696372844455164
928,0.3472270737576054
929,0.34749090047650805
930,0.3477548376313655
931,0.3480185214371707
932,0.34828231959062245
933,0.34854611702181826
934,0.34881019508842215
935,0.3490743645685784
936,0.3493388599341699
937,0.3496033696757326
938,0.34986755989893026
939,0.3501318054002428
940,0.3503956429517793
941,0.3506590119104703
942,0.3509213992089343
943,0.3511824239666677
944,0.35144226364645115
945,0.3517009956146334
946,0.3519584214638172
947,0.35221463026082855
948,0.3524696830123474
949,0.3527240306242859
950,0.3529774331896982
951,0.35323030070677564
952,0.35348337328700896
953,0.35373670620522524
954,0.3539907683900073
955,0.3542456978077274
956,0.35450209124718424
957,0.3547596721325138
958,0.35501879767945765
959,0.35527973540308133
960,0.35554224666378564
961,0.3558064355065855
962,0.356072494404987
963,0.35634070633852133
964,0.3566116588984546
965,0.3568836214277696
966,0.3571558347296006
967,0.3574276930188667
968,0.35769910332636456
969,0.3579694500513277
970,0.3582389905692467
971,0.3585078542208575
972,0.35877513723304666
973,0.3590404256698655
974,0.35930351033256525
975,0.3595644114455906
976,0.35982392393766505
977,0.36008224129529226
978,0.3603404464726782
979,0.3605992528282759
980,0.3608591690524287
981,0.3611208870856334
982,0.3613845170504542
983,0.3616504002954328
984,0.3619180857068881
985,0.36218632317491567
986,0.36245565583474365
987,0.362725753468109
988,0.36299628324446176
989,0.3632669333906842
990,0.36353807895133416
991,0.36381048626286366
992,0.3640797659903793
993,0.36434587484625375
994,0.3646087406392894
995,0.3648687073956176
996,0.36512602170614294
997,0.36538108487121845
998,0.3656348430509541
999,0.3658879751636186
1000,0.3661406449826007
1001,0.36639326046087767
1002,0.3666457269925123
1003,0.36689788988511124
1004,0.3671496896169008
1005,0.3674021742785363
1006,0.36765521842349225
1007,0.3679090671181283
1008,0.36816387408695095
1009,0.3684204750907857
1010,0.36867866302729
1011,0.3689377164886854
1012,0.3691942186485381
1013,0.369449947013595
1014,0.36970488795568274
1015,0.36995894153849
1016,0.3702123716179536
1017,0.37046563220821693
1018,0.3707193089364866
1019,0.37097343699682866
1020,0.3712272425990232
1021,0.37148009907713025
1022,0.3717311919792311
1023,0.371980214564575
1024,0.372228031061012
1025,0.37247552453904187
1026,0.3727223870637405
1027,0.37296882832247136
1028,0.3732150615541429
1029,0.3734612911091234
1030,0.3737063261817325
1031,0.37395025094205014
1032,0.3741929041295908
1033,0.3744349580729196
1034,0.37467680904567424
1035,0.3749188372946117
1036,0.37516145231796844
1037,0.3754044324246079
1038,0.375647223822536
1039,0.3758895203856939
1040,0.37613035871035183
1041,0.37636980737804765
1042,0.37660830289809955
1043,0.37684633926920863
1044,0.3770842021424372
1045,0.3773220924288008
1046,0.37755958724163097
1047,0.3777961014706705
1048,0.3780315694768054
1049,0.3782657543454666
1050,0.3784987471022626
1051,0.3787314220673321
1052,0.37896387180581265
1053,0.3791967079810016
1054,0.37943025145532505
1055,0.3796645087532758
1056,0.3798987426024145
1057,0.3801324547166889
1058,0.3803656678734012
1059,0.38059892383920246
1060,0.38083277825348716
1061,0.38106773855832643
1062,0.38130415995441763
1063,0.38154171844762075
1064,0.3817796158069458
1065,0.3820174178970724
1066,0.3822545961290214
1067,0.38249098466862563
1068,0.38272696278597346
1069,0.38296287618939817
1070,0.383199410528839
1071,0.38343669982539835
1072,0.38367436124187015
1073,0.3839115176830574
1074,0.3841478124655834
1075,0.38438328632562674
1076,0.38461813855908966
1077,0.38485316474765985
1078,0.3850890107244729
1079,0.3853258535588026
1080,0.38556353329420134
1081,0.38580137095975553
1082,0.3860389104187684
1083,0.38627564739209486
1084,0.38651152434203523
1085,0.3867470059811319
1086,0.38698293956048513
1087,0.3872203763771057
1088,0.38746002991290046
1089,0.3877022799098784
1090,0.38793469707826533
1091,0.38817503795605707
1092,0.3884201458274682
1093,0.38866751024034724
1094,0.3889169106384975
1095,0.3891687470541866
1096,0.38942309950443604
1097,0.3896793409846328
1098,0.3899360779044433
1099,0.39019195716968896
1100,0.3904456883837488
1101,0.3906966470551163
1102,0.39094451997651675
1103,0.3911893899984509
1104,0.3914313093133791
1105,0.39167025994048177
1106,0.39190616084692886
1107,0.39213845452309326
1108,0.3923663589949248
1109,0.3925888584279682
1110,0.39280500844423405
1111,0.3930331295553664
1112,0.3932607165866065
1113,0.3934890016664489
1114,0.3937192473250239
1115,0.39395200586441875
1116,0.3941869241782804
1117,0.3944232504638197
1118,0.3946605127235735
1119,0.39489838170540487
1120,0.39513682256190413
1121,0.395375973554354
1122,0.39561550104019205
1123,0.3958545771978041
1124,0.39609219120650063
1125,0.39632746529140295
1126,0.3965596668193596
1127,0.39678860245531766
1128,0.3970146853263348
1129,0.3972384090043255
1130,0.39746046420824044
1131,0.3976810326950194
1132,0.3979000654566024
1133,0.3981172500977951
1134,0.3983319881054479
1135,0.3985442411846276
1136,0.39875404580594553
1137,0.3989618305863461
1138,0.39916815866791
1139,0.3993731376905413
1140,0.3995768024903992
1141,0.3997788130635148
1142,0.3999788254726491
1143,0.40017666260267404
1144,0.4003725818202434
1145,0.40056701875864725
1146,0.4007604490755734
1147,0.4009536450116288
1148,0.4011468893784476
1149,0.40134015764163755
1150,0.40153332703435557
1151,0.4017261868346782
1152,0.40191891492700355
1153,0.40211186665527326
1154,0.4023056523116009
1155,0.40250096787467876
1156,0.40269803421749334
1157,0.4028968975937537
1158,0.403097293960187
1159,0.4032988292549031
1160,0.4035012861656273
1161,0.4037046580970679
1162,0.40390922731834444
1163,0.40411520983224747
1164,0.40432288416171097
1165,0.40453205858802127
1166,0.4047424353260362
1167,0.4049535259786479
1168,0.40516470708265606
1169,0.40537572234192437
1170,0.40558650456583334
1171,0.40579735620564666
1172,0.40600852666768716
1173,0.4062199974575501
1174,0.4064315405780499
1175,0.40664266161290946
1176,0.40685288638492983
1177,0.40706196639791836
1178,0.4072698923427476
1179,0.4074770393956652
1180,0.4076837323918975
1181,0.4078902418811446
1182,0.4080965723061563
1183,0.40830245713289476
1184,0.40850768593358655
1185,0.40871188769243144
1186,0.40891503290741094
1187,0.4091171612091773
1188,0.4093185560138207
1189,0.40951949100265134
1190,0.4097199740847841
1191,0.4099199286325441
1192,0.41011897179087164
1193,0.4103168136697145
1194,0.41051334366437237
1195,0.4107086235156527
1196,0.4109030884190745
1197,0.4110971391063176
1198,0.4112911462078539
1199,0.4114851538909783
1200,0.4116788846188158
1201,0.41187213359631997
1202,0.41206461704416075
1203,0.4122564435153398
1204,0.4124477482788562
1205,0.4126387052550076
1206,0.412829562249039
1207,0.41302022452560594
1208,0.4132104957511928
1209,0.41340005246195155
1210,0.4135885126335614
1211,0.41377574185263266
1212,0.4139616916848692
1213,0.41414654999654377
1214,0.4143305918778918
1215,0.41451387690520447
1216,0.41469641586566613
1217,0.41487799252934343
1218,0.41505828973895753
1219,0.4152370203045188
1220,0.4154141035535549
1221,0.4155898558747816
1222,0.4157645705315612
1223,0.41593863922593155
1224,0.416112040384526
1225,0.416284661084837
1226,0.41645639173617927
1227,0.4166270007412492
1228,0.4167965376636625
1229,0.41696520100435747
1230,0.4171332512019597
1231,0.4173011196108026
1232,0.41746884731637035
1233,0.4176364451780736
1234,0.41780380345644885
1235,0.4179707940582572
1236,0.41813747402703993
1237,0.41830396973811995
1238,0.41847054547368573
1239,0.41863756464658713
1240,0.41880541290757867
1241,0.41897413923983207
1242,0.41914344837075884
1243,0.41931316136321506
1244,0.4194828533757829
1245,0.4196523562348681
1246,0.41982171920877476
1247,0.4199911011999888
1248,0.4201606456395498
1249,0.4203301489595135
1250,0.42049942212625363
1251,0.42066818398929395
1252,0.4208359773113117
1253,0.421002750923396
1254,0.4211686243315378
1255,0.4213339697700802
1256,0.4214990162907799
1257,0.4216638869308858
1258,0.4218286485934001
1259,0.42199282325110105
1260,0.4221562467828508
1261,0.42231844410437036
1262,0.42247917372980853
1263,0.42263855063722977
1264,0.4227965339368589
1265,0.42295348644830233
1266,0.42310931618597336
1267,0.4232638810882817
1268,0.42341697347555846
1269,0.4235682403557972
1270,0.42371763513221306
1271,0.42386515312473416
1272,0.42401100395141467
1273,0.42415579991329494
1274,0.4242995117126451
1275,0.4244419232644019
1276,0.4245828644963759
1277,0.4247218190521556
1278,0.42485868903571095
1279,0.42499296644715157
1280,0.42512523232416705
1281,0.4252556452518316
1282,0.4253840994901206
1283,0.4255108212309167
1284,0.4256353896475536
1285,0.4257578404884544
1286,0.4258782833589836
1287,0.4259966998943779
1288,0.42611335681469287
1289,0.4262290462438239
1290,0.42634389831664554
1291,0.4264583119055658
1292,0.4265721729607513
1293,0.4266854248195866
1294,0.42679796763608685
1295,0.42690960326524496
1296,0.427020088612017
1297,0.427129719332516
1298,0.42723906207427376
1299,0.427347827526956
1300,0.42745626025082284
1301,0.42756419309163674
1302,0.427671017134026
1303,0.4277769237929028
1304,0.4278817675701363
1305,0.42798616580187954
1306,0.42809091695329987
1307,0.42819598119653696
1308,0.4283014795360602
1309,0.42840751075774164
1310,0.4285133266304766
1311,0.4286189169792073
1312,0.42872401605039134
1313,0.428828824295413
1314,0.4289332710173337
1315,0.42903717613086234
1316,0.4291405327984652
1317,0.4292432619724713
1318,0.42934446794007375
1319,0.4294439804752191
1320,0.4295417693086575
1321,0.42963777252811947
1322,0.4297321261195005
1323,0.42982543013093993
1324,0.4299178134071406
1325,0.43000940332449883
1326,0.43010031352316014
1327,0.4301901346562405
1328,0.43027848153174875
1329,0.4303654160340686
1330,0.4304511148847421
1331,0.4305358547678254
1332,0.43061992870207305
1333,0.43070329343081615
1334,0.43078570856824405
1335,0.4308672644874688
1336,0.4309476541286831
1337,0.43102653716329603
1338,0.43110425477182474
1339,0.4311815657078463
1340,0.4312615916389665
1341,0.4313392345439957
1342,0.4314149183833872
1343,0.4314887321334828
1344,0.4315606643243432
1345,0.4316310862217985
1346,0.43170057801453715
1347,0.4317695057179485
1348,0.43183819945291957
1349,0.4319068907399085
1350,0.431975754368777
1351,0.4320446690496519
1352,0.4321132886146647
1353,0.432181985426022
1354,0.4322501205142822
1355,0.43231697024080196
1356,0.4323819998598805
1357,0.43244355908693843
1358,0.432500711126645
1359,0.43255167293642494
1360,0.4325942813198375
1361,0.4326215177587731
1362,0.4326343386383822
1363,0.4326305549528423
1364,0.43260836236987904
1365,0.4325663621365248
1366,0.4325026044980369
1367,0.43241631803963837
1368,0.4323064634039947
1369,0.4321720197246233
1370,0.4320132920300719
1371,0.43182925974404773
1372,0.43161946210956503
1373,0.4313843502788113
1374,0.4311216031273103
1375,0.4308309169775629
1376,0.43051150373197966
1377,0.4301615815314984
1378,0.4297819655334501
1379,0.4293722242766994
1380,0.4289321941774535
1381,0.42846316816073016
1382,0.42796601580033256
1383,0.4274431282328739
1384,0.4268968732191895
1385,0.42631936545819504
1386,0.42573054094440205
1387,0.4251336274822377
1388,0.42453084785209505
1389,0.423924516890257
1390,0.42331656223665837
1391,0.4227070781468998
1392,0.42209627613227796
1393,0.4214829575136421
1394,0.4208645349406635
1395,0.420239149981978
1396,0.4196033928333873
1397,0.4189535923577993
1398,0.41828771900876593
1399,0.4176023852703938
1400,0.4168960346717019
1401,0.41616894159368567
1402,0.41542303186592483
1403,0.41466341718152355
1404,0.4138973276625044
1405,0.4131338564698522
1406,0.41240143567252363
1407,0.4117041490616553
1408,0.4110609832753373
1409,0.4104917524150234
1410,0.41001437395213547
1411,0.40964427305050594
1412,0.40939384549443325
1413,0.40927126037626405
1414,0.40928052611174254
1415,0.40942024029469454
1416,0.4096845074586113
1417,0.4100629785989355
1418,0.4105420733127921
1419,0.4111049305262911
1420,0.41173357405187266
1421,0.4124091255193959
1422,0.4131131834389757
1423,0.4138281714450399
1424,0.41453819588067237
1425,0.41522951035062916
1426,0.41589288987195805
1427,0.4165239770406427
1428,0.41712160070483695
1429,0.4176851336470141
1430,0.4182143289464072
1431,0.41871009476926146
1432,0.4191745485017834
1433,0.4196097548767378
1434,0.4200180274843343
1435,0.4204016305641791
1436,0.4207631305599822
1437,0.42110524242088504
1438,0.42143053320638363
1439,0.42174138258681815
1440,0.42203980653347073
1441,0.4223274287223082
1442,0.42260524953570006
1443,0.42287411566491523
1444,0.4231347543421947
1445,0.4233876964903205
1446,0.42363333405643583
1447,0.42387167673357307
1448,0.4241026005606927
1449,0.42432588964995216
1450,0.42454135879839616
1451,0.42474892465435654
1452,0.42494887546352883
1453,0.42514178065259656
1454,0.425328442515564
1455,0.42550981794768095
1456,0.4256868020665
1457,0.4258605287631938
1458,0.42603215556069557
1459,0.42620291651910186
1460,0.4263742017609521
1461,0.4265474785770107
1462,0.4267241900797136
1463,0.42690562152016
1464,0.427092655046873
1465,0.4272858335264721
1466,0.42748544867217747
1467,0.42769144627326455
1468,0.4279037632695423
1469,0.42812213235849883
1470,0.42834639831227106
1471,0.42857609093373966
1472,0.4288104927331717
1473,0.4290488057785321
1474,0.42928996034227473
1475,0.4295329454577027
1476,0.4297768369806271
1477,0.43002103836479444
1478,0.430265103606883
1479,0.430508526748725
1480,0.4307509001606023
1481,0.43099172365451793
1482,0.43123066995152526
1483,0.4314674480073253
1484,0.4317018340481162
1485,0.4319338211988049
1486,0.43216364632784976
1487,0.43239160250908604
1488,0.432618019969058
1489,0.4328430432122436
1490,0.4330667685945515
1491,0.43328915051176137
1492,0.43351020322623485
1493,0.4337301312120333
1494,0.4339491769538827
1495,0.4341676314412254
1496,0.4343856078557503
1497,0.4346030479673454
1498,0.434819710023914
1499,0.4350352877794634
1500,0.4352495333449393
1501,0.43546233725201583
1502,0.4356737878544881
1503,0.4358837884739566
1504,0.4360921848362105
1505,0.436298790516808
1506,0.43650336006811186
1507,0.4367056494820515
1508,0.4369054316327075
1509,0.43710259767224535
1510,0.437297197540943
1511,0.4374894102588053
1512,0.43767945491386173
1513,0.43786746652935593
1514,0.438053406776818
1515,0.4382371966095672
1516,0.4384187403570442
1517,0.4385980455646713
1518,0.4387753661790572
1519,0.4389509020814644
1520,0.43912479883647865
1521,0.439297159444333
1522,0.4394678322239236
1523,0.4396365448017286
1524,0.43980304655633
1525,0.4399672618803969
1526,0.44012930458488586
1527,0.4402892457486541
1528,0.4404472091549819
1529,0.4406032429956907
1530,0.44075728425301325
1531,0.4409092791582853
1532,0.44105920400886467
1533,0.441207184942771
1534,0.441353454715579
1535,0.4414983424273548
1536,0.44164199236361407
1537,0.44178450924810314
1538,0.44192596754907293
1539,0.44206630310934686
1540,0.4422055226762743
1541,0.4423436479772451
1542,0.44248072640563085
1543,0.44261684885924024
1544,0.4427521290742975
1545,0.44288668055942587
1546,0.4430203671320774
1547,0.4431530125696051
1548,0.44328450728445695
1549,0.4434147970612499
1550,0.44354405908154804
1551,0.44367261568129057
1552,0.44380067265611733
1553,0.44392843285160866
1554,0.44405585818701443
1555,0.4441827862602744
1556,0.4443089383203576
1557,0.4444343193195416
1558,0.4445590987648341
1559,0.4446834709046012
1560,0.4448075122848551
1561,0.444931249239546
1562,0.4450545218478637
1563,0.44517716230172705
1564,0.4452990283164547
1565,0.4454200916314519
1566,0.4455404583437403
1567,0.44566027189423896
1568,0.44577966181553175
1569,0.44589868495264096
1570,0.44601729075811536
1571,0.4461353414637067
1572,0.44625260638258385
1573,0.446369036571999
1574,0.4464846923222643
1575,0.44659962845849027
1576,0.4467139334171599
1577,0.4468277365026132
1578,0.4469409354417625
1579,0.44705347152485886
1580,0.44716520885208744
1581,0.4472761635100864
1582,0.4473864497631293
1583,0.4474962718718489
1584,0.44760587093803184
1585,0.4477154390360672
1586,0.44782490704933114
1587,0.4479340743965065
1588,0.4480427383398453
1589,0.4481507717750952
1590,0.44825820952518036
1591,0.44836513215735885
1592,0.4484716535696023
1593,0.4485778140173241
1594,0.4486834598899328
1595,0.44878839083190747
1596,0.44889243491339015
1597,0.4489955388764127
1598,0.44909780091607354
1599,0.4491994404752056
1600,0.4493005242107087
1601,0.44940112417800027
1602,0.4495011604045243
1603,0.4496005224618513
1604,0.4496991241321182
1605,0.4497969437434627
1606,0.4498940716673468
1607,0.4499906613861772
1608,0.45008675561259825
1609,0.4501824086003204
1610,0.45027748159466674
1611,0.45037175681138575
1612,0.45046511380686316
1613,0.4505575518434854
1614,0.45064920051644874
1615,0.4507402948637875
1616,0.45083101485799687
1617,0.4509214170075118
1618,0.4510114205530228
1619,0.45110089202988274
1620,0.45118965813456713
1621,0.45127772510130776
1622,0.4513652925189382
1623,0.45145256061688155
1624,0.45153966384807154
1625,0.45162669477819034
1626,0.45171349999271837
1627,0.4517998071721051
1628,0.451885318450803
1629,0.45196995470806234
1630,0.4520537994628911
1631,0.4521368903219225
1632,0.45221929436555774
1633,0.4523010172018896
1634,0.4523819378422787
1635,0.452461877720938
1636,0.4525407126796027
1637,0.4526183186461289
1638,0.45269472579920417
1639,0.4527700751131122
1640,0.45284450714906965
1641,0.4529180109293465
1642,0.4529904772535916
1643,0.4530617177509957
1644,0.4531315945683976
1645,0.45320015131296854
1646,0.4532674477928031
1647,0.45333363317532377
1648,0.4533989011111082
1649,0.4534634057628175
1650,0.45352726416906175
1651,0.45359049021652703
1652,0.4536531876679199
1653,0.45371569235355214
1654,0.4537784492142424
1655,0.4538417658674837
1656,0.45390589178258184
1657,0.4539707113738969
1658,0.45403597318763117
1659,0.45410141701249535
1660,0.4541667525512582
1661,0.454231752334183
1662,0.454296206614517
1663,0.4543599141240891
1664,0.4544226052797173
1665,0.45448379549160195
1666,0.45454304890526015
1667,0.45459997081971026
1668,0.4546542159481598
1669,0.4547059544512694
1670,0.4547555499809402
1671,0.4548034183451246
1672,0.45484998942686006
1673,0.454895630266609
1674,0.4549406124115805
1675,0.4549850752082733
1676,0.4550292951526147
1677,0.45507362575718985
1678,0.4551184156999746
1679,0.4551640628348799
1680,0.4552107708101737
1681,0.4552584671350838
1682,0.45530689336456615
1683,0.45535576269338424
1684,0.45540490872642364
1685,0.4554542714761748
1686,0.4555040663585397
1687,0.4555543630814277
1688,0.455605018567608
1689,0.45565594055591274
1690,0.45570674093254243
1691,0.45575702180992467
1692,0.45580650715487675
1693,0.4558549810310324
1694,0.45590230234160867
1695,0.4559482990305833
1696,0.45599263713008614
1697,0.4560349691152123
1698,0.4560748403020226
1699,0.4561118961641199
1700,0.4561460326061344
1701,0.45617724735436155
1702,0.4562057692573981
1703,0.45623192104729243
1704,0.4562559271535669
1705,0.4562779056351653
1706,0.45629781112435325
1707,0.45631543433130645
1708,0.45633074707445676
1709,0.45634386560170936
1710,0.45635492600722183
1711,0.4563639489898126
1712,0.45637075138533656
1713,0.4563751551054168
1714,0.456376797840939
1715,0.45637532543978376
1716,0.4563706380103619
1717,0.4563628529459489
1718,0.4563521971927037
1719,0.4563388869282205
1720,0.4563231749901869
1721,0.4563053457047287
1722,0.45628574150779455
1723,0.4562648736891486
1724,0.45624331418732483
1725,0.45622167379244305
1726,0.45620068185869656
1727,0.4561809105406817
1728,0.4561628876131004
1729,0.4561468321030252
1730,0.45613254258703184
1731,0.4561198051907065
1732,0.4561084637957801
1733,0.45609840369423904
1734,0.4560893650029224
1735,0.456080841474775
1736,0.4560723920247097
1737,0.4560632433984011
1738,0.4560526490261655
1739,0.4560403078405407
1740,0.45602604645384376
1741,0.4560100322953326
1742,0.45599249746702714
1743,0.45597343708478016
1744,0.4559531910105569
1745,0.45593195742541115
1746,0.4559098943461588
1747,0.45588734387232877
1748,0.4558643772807701
1749,0.45584111647238623
1750,0.45581772917335767
1751,0.4557943175520512
1752,0.45577114914013583
1753,0.45574826259849954
1754,0.4557257227641415
1755,0.45570375785383394
1756,0.4556821523603362
1757,0.45566186200229725
1758,0.4556431179236186
1759,0.4556260704580702
1760,0.45561087273721357
1761,0.45559739266387783
1762,0.4555856722856822
1763,0.4555757811794092
1764,0.4555678676527476
1765,0.4555618889227561
1766,0.4555575330826108
1767,0.45555455820921176
1768,0.455552547338811
1769,0.45555113839860106
1770,0.45555023407468936
1771,0.45555047898880274
1772,0.45554982130089067
1773,0.4555493652458147
1774,0.4555488748347794
1775,0.4555484823246862
1776,0.4555482167199043
1777,0.45554870726727364
1778,0.45554966223609983
1779,0.4555510819367098
1780,0.45555323701033495
1781,0.4555566249313756
1782,0.45556101632206725
1783,0.4555669043316144
1784,0.4555744433594416
1785,0.45558392045597806
1786,0.45559578231310394
1787,0.45561064639623094
1788,0.45562915355136446
1789,0.45565153941248976
1790,0.4556778393755039
1791,0.4557103294986097
1792,0.45574306366487355
1793,0.4557777108683143
1794,0.45581319643809454
1795,0.4558491383927406
1796,0.455885087890776
1797,0.45592059539018004
1798,0.45595534884355166
1799,0.4559888111547514
1800,0.4560204052355934
1801,0.45605029564661725
1802,0.45607843216779587
1803,0.4561059689005333
1804,0.4561338565708813
1805,0.4561631384713002
1806,0.4561953857654537
1807,0.45623216579200637
1808,0.45627448802998966
1809,0.456323326517879
1810,0.4563791648549689
1811,0.45644217581604785
1812,0.45650824193779943
1813,0.4565792249496067
1814,0.45665414613386585
1815,0.45673183176719273
1816,0.4568110079962817
1817,0.45689090197790494
1818,0.4569706825555635
1819,0.45704897774318076
1820,0.457124582614395
1821,0.4571895816351433
1822,0.4572548640039819
1823,0.4573194819538292
1824,0.4573845354409237
1825,0.45745004896291397
1826,0.45751510719924265
1827,0.457587890827185
1828,0.457670796760544
1829,0.4577620634634452
1830,0.4578582418749754
1831,0.45791604048700596
1832,0.45803538246676734
1833,0.458155177541558
1834,0.45827244056851696
1835,0.4583811100946137
1836,0.4584814823569234
1837,0.45857021855209706
1838,0.4586383682192172
1839,0.45867449960033424
1840,0.45870120999226555
1841,0.4587064682199137
1842,0.458702914611495
1843,0.45868768158658435
1844,0.4586574174100838
1845,0.4586135235662026
1846,0.45855398738505937
1847,0.4584874537058855
1848,0.4584112277499022
1849,0.4583176594103545
1850,0.45820750026305745
1851,0.45808068914162103
1852,0.45800342645322756
1853,0.4578717035988835
1854,0.45771934292666533
1855,0.45754567092790766
1856,0.45735414286272214
1857,0.45713910374423883
1858,0.4568972792230044
1859,0.45663766961743246
1860,0.4563800949480257
1861,0.45610312011954846
1862,0.4558144054642532
1863,0.45551267661156347
1864,0.45518258240673937
1865,0.4548180240105115
1866,0.45440932927570943
1867,0.4539503071448721
1868,0.4534330395657265
1869,0.45284987247687425
1870,0.4521973538694992
1871,0.45146895754991795
1872,0.45066098581477076
1873,0.44977091311130907
1874,0.44880370389431656
1875,0.4477630457381566
1876,0.4466512355339963
1877,0.445472115120427
1878,0.44423109158699103
1879,0.4429342555382725
1880,0.4415840029574038
1881,0.4401780341674351
1882,0.4387131645006419
1883,0.43718336531682644
1884,0.43557695351069464
1885,0.43388765025941467
1886,0.43211150393306785
1887,0.4302438044356392
1888,0.42828641359400565
1889,0.42624136019180703
1890,0.4241100013847127
1891,0.42189637827689297
1892,0.4196070976905507
1893,0.417251412677649
1894,0.4148436690914987
1895,0.41240030061858635
1896,0.40993885883232917
1897,0.4074807389369652
1898,0.4050492289212741
1899,0.40266422502342597
1900,0.40034324428759666
1901,0.3981027846727593
1902,0.39595831705844275
1903,0.39392662798737377
1904,0.39202316336361576
1905,0.3902610057629713
1906,0.3886525812143934
1907,0.38720625158603705
1908,0.3859268247644171
1909,0.38481537194051907
1910,0.3838675247925164
1911,0.3830758235061604
1912,0.38243250081354374
1913,0.38192847137412334
1914,0.3815549362711292
1915,0.3813017498126995
1916,0.3811570454908475
1917,0.38111048990534635
1918,0.38115108268401576
1919,0.3812635372909001
1920,0.3814348563634541
1921,0.38165570653167885
1922,0.3819174215757306
1923,0.38221474954817686
1924,0.38254331530929375
1925,0.3828981558890122
1926,0.38327597371859834
1927,0.3836738431780299
1928,0.3840886254962958
1929,0.38451819820965827
1930,0.3849602735176232
1931,0.38541319370619465
1932,0.3858755677454383
1933,0.386345976116535
1934,0.3868229232430008
1935,0.38730583897779264
1936,0.3877931352376702
1937,0.38828350321144645
1938,0.3887758291076895
1939,0.3892692428551001
1940,0.389762852867559
1941,0.3902562914794019
1942,0.3907498540568198
1943,0.3912441098064759
1944,0.39173964657506943
1945,0.3922367755423558
1946,0.3927355372272174
1947,0.3932356059444969
1948,0.3937364558683615
1949,0.3942378929193823
1950,0.394739961779475
1951,0.39524293530485016
1952,0.39574723226684977
1953,0.3962529351109695
1954,0.3967597600406566
1955,0.39726736357349995
1956,0.3977748934243334
1957,0.3982815333621112
1958,0.3987870810135788
1959,0.3992916117984419
1960,0.3997952980142316
1961,0.40029856210088205
1962,0.40080185769739485
1963,0.40130533603325264
1964,0.40180896563423596
1965,0.4023126164382542
1966,0.4028159326801599
1967,0.40331895880876933
1968,0.4038222588271231
1969,0.4043267414140721
1970,0.40483309845507354
1971,0.4053416610465533
1972,0.40585238983291627
1973,0.4063649860682542
1974,0.40687913706256296
1975,0.40739471627562596
1976,0.40791167909398884
1977,0.4084303296160252
1978,0.4089511163210709
1979,0.4094740607161531
1980,0.40999879027242725
1981,0.4105250821560833
1982,0.41105249862324644
1983,0.4115804791414073
1984,0.4121087855056813
1985,0.4126373703678224
1986,0.41316632387235114
1987,0.4136959723888445
1988,0.4142264153665904
1989,0.41475732214026456
1990,0.41528802795687836
1991,0.4158177263435288
1992,0.4163456586126581
1993,0.4168715366677614
1994,0.417395493355147
1995,0.4179177710862236
1996,0.41843846450476774
1997,0.4189573505050511
1998,0.4194737632502633
1999,0.41998681287175066
2000,0.42049558510578466
2001,0.42099967872705607
2002,0.4214987206308765
2003,0.421992711013099
2004,0.42248174635135793
2005,0.42296561687215556
2006,0.42344390273465665
2007,0.4239160069828944
2008,0.4243811481200902
2009,0.4248387172487501
2010,0.4252883351768311
2011,0.42572982170463847
2012,0.42616341383511314
2013,0.42658949842377314
2014,0.4270083313836133
2015,0.42741992635897325
2016,0.42782375867661626
2017,0.4282194372981396
2018,0.4286065673036476
2019,0.42898508682437436
2020,0.4293553239805851
2021,0.42971771924024876
2022,0.43007268139138133
2023,0.43042039695664025
2024,0.43076067810849733
2025,0.4310929182921526
2026,0.4314165395274274
2027,0.4317314845588186
2028,0.4320376831079358
2029,0.4323353366578209
2030,0.4326248328765568
2031,0.43290646757171103
2032,0.4331805084988235
2033,0.4334467801111152
2034,0.4337050765235592
2035,0.43395529275850553
2036,0.434197371295198
2037,0.4344317373168077
2038,0.4346591098139162
2039,0.4348805015953539
2040,0.43509652845658364
2041,0.43530741552567365
2042,0.43551319665639954
2043,0.4357137095374338
2044,0.435909002163648
2045,0.4360993291955071
2046,0.4362853375973986
2047,0.436467822544082
2048,0.4366473144271933
2049,0.43682409093667
2050,0.4369984991284943
2051,0.4371704934027697
2052,0.4373402001451238
2053,0.43750771585106174
2054,0.43767319184255604
2055,0.43783718896171475
2056,0.43800027776196576
2057,0.4381628129110923
2058,0.43832477404676945
2059,0.43848592241860007
2060,0.4386458689282001
2061,0.43880435405931273
2062,0.43896110375105735
2063,0.4391160960992823
2064,0.4392696278967011
2065,0.4394218659590301
2066,0.4395727424723217
2067,0.4397219244438657
2068,0.43986882234805974
2069,0.4400127785203994
2070,0.44015361074859116
2071,0.4402912994727063
2072,0.44042627156724046
2073,0.44055868580619767
2074,0.440688578418893
2075,0.44081580054538727
2076,0.44093988540567086
2077,0.4410600065433668
2078,0.44117557637593074
2079,0.4412866115404881
2080,0.4413933951879379
2081,0.4414962536001213
2082,0.4415954863303104
2083,0.44169120694838165
2084,0.44178322189164565
2085,0.44187134906317777
2086,0.4419555445994032
2087,0.44203601337583565
2088,0.4421131319553744
2089,0.44218754193605675
2090,0.4422598573594674
2091,0.44233054820106305
2092,0.44239983353910245
2093,0.44246743314712783
2094,0.44253292561935487
2095,0.4425957885798737
2096,0.44265576536310697
2097,0.4427128979221679
2098,0.44276747151468027
2099,0.442819845490743
2100,0.44287023989495183
2101,0.4429188612104611
2102,0.4429658372079195
2103,0.4430112665648181
2104,0.44305578696169606
2105,0.44310057913020556
2106,0.4431471332012819
2107,0.44319714295215923
2108,0.44325183266345114
2109,0.4433122387741718
2110,0.4433787749168872
2111,0.44345172314047676
2112,0.4435311864767501
2113,0.4436171384743695
2114,0.4437094372249067
2115,0.4438076435258853
2116,0.4439109930324034
2117,0.44401798313645546
2118,0.4441266154649778
2119,0.44423473766496413
2120,0.44434033996667865
2121,0.4444413124905514
2122,0.44453575046794686
2123,0.4446219308620942
2124,0.44469834606456043
2125,0.44476341076377773
2126,0.4448155350035563
2127,0.4448527172757639
2128,0.44487302731600836
2129,0.4448747923291201
2130,0.44485655208349695
2131,0.44481729059135966
2132,0.4447560276054868
2133,0.4446719155316705
2134,0.44456349842999454
2135,0.44442932549204184
2136,0.44426773985875634
2137,0.44407719842434396
2138,0.44385696472210806
2139,0.443606862344127
2140,0.44332746531035394
2141,0.4430192405710816
2142,0.44268303291240496
2143,0.4423195924226183
2144,0.44193005907405475
2145,0.441515632475361
2146,0.44107790433216837
2147,0.44061898353459594
2148,0.44014161519466166
2149,0.4396485791954251
2150,0.4391427737757928
2151,0.4386263802637737
2152,0.4381011653635981
2153,0.4375691019374533
2154,0.4370318199580867
2155,0.43649119250946566
2156,0.43594915519583827
2157,0.435407644542384
2158,0.4348684400841506
2159,0.4343328478189214
2160,0.43380188408226017
2161,0.4332758820438702
2162,0.4327551422658607
2163,0.43223985617259547
2164,0.43173048310808626
2165,0.43122721181898027
2166,0.43073041027528125
2167,0.43023988721110706
2168,0.42975452496544586
2169,0.4292728466862742
2170,0.4287931398719922
2171,0.4283135105695528
2172,0.42783252263032356
2173,0.4273494040840391
2174,0.4268631298359694
2175,0.426372214925816
2176,0.42587500585734006
2177,0.4253695630244511
2178,0.42485406564320083
2179,0.4243267736666016
2180,0.42378601807090466
2181,0.4232309411367484
2182,0.42266135157002055
2183,0.42207682285684567
2184,0.4214768866327689
2185,0.4208609717876683
2186,0.420228691536077
2187,0.41957956245761396
2188,0.41891370038985415
2189,0.41823147083213513
2190,0.41753379637733523
2191,0.4168214411052348
2192,0.41609432022175635
2193,0.4153521744159018
2194,0.4145939906157519
2195,0.4138188451495158
2196,0.413027208729231
2197,0.4122221315602148
2198,0.41140920812067483
2199,0.4105972325147861
2200,0.4097991045347127
2201,0.40903143949191695
2202,0.40831435768121316
2203,0.40766975877033307
2204,0.40712173041607835
2205,0.40669412968739227
2206,0.4064087046052502
2207,0.4062835485572573
2208,0.4063313644107498
2209,0.40655753402130484
2210,0.4069599856183681
2211,0.40752861893670767
2212,0.4082458141896602
2213,0.4090881317589908
2214,0.41002748308978354
2215,0.4110336115723394
2216,0.41207571362056494
2217,0.4131238839023093
2218,0.41415067784999227
2219,0.41513271127516227
2220,0.41605189508522833
2221,0.41689535465156596
2222,0.4176569402771254
2223,0.4183349905250251
2224,0.4189323878072118
2225,0.4194536559520052
2226,0.4199043073918257
2227,0.4202902212375779
2228,0.42061701565017506
2229,0.42088994252175205
2230,0.4211140975890251
2231,0.4212946411275183
2232,0.42143635587671935
2233,0.4215439520585355
2234,0.42162184928937263
2235,0.4216740443288802
2236,0.421703618800358
2237,0.42171352855455674
2238,0.42170709175244614
2239,0.42168728470827616
2240,0.4216574553074697
2241,0.4216208493466451
2242,0.42158049599788544
2243,0.4215383832981431
2244,0.421495776292504
2245,0.4214531042098904
2246,0.4214106829560317
2247,0.4213688099576518
2248,0.4213282344593303
2249,0.42129006125092133
2250,0.42125513318349117
2251,0.42122408211469015
2252,0.4211968507164083
2253,0.42117316319013726
2254,0.42115251289360245
2255,0.4211346486600571
2256,0.4211193306155136
2257,0.4211067490598545
2258,0.42109651299685985
2259,0.4210876792634016
2260,0.4210788644816413
2261,0.42106840242686855
2262,0.42105412675793696
2263,0.421034023480362
2264,0.42100663681374073
2265,0.42097088189673126
2266,0.42092573024373625
2267,0.4208697518390655
2268,0.42080163179361907
2269,0.4207196796943036
2270,0.42062235118227487
2271,0.4205086894891743
2272,0.420378082472068
2273,0.4202307769165354
2274,0.4200677986709208
2275,0.4198899728606551
2276,0.41969791982563975
2277,0.4194918893969446
2278,0.4192718110600963
2279,0.4190384892774519
2280,0.4187931670400685
2281,0.4185379065062474
2282,0.4182748668264089
2283,0.4180058910979913
2284,0.41773209105379067
2285,0.4174539935933505
2286,0.417171695853536
2287,0.4168849307074861
2288,0.41659433725252587
2289,0.41630094936612266
2290,0.41600644039853746
2291,0.4157120413284552
2292,0.41541824292710294
2293,0.415125099094793
2294,0.41483246414137787
2295,0.4145393992605753
2296,0.41424544880186726
2297,0.41395014711925066
2298,0.41365352304677544
2299,0.4133559485105911
2300,0.4130573344721425
2301,0.4127574088307098
2302,0.4124554640313742
2303,0.41215044643032783
2304,0.41184191849408924
2305,0.41153080106480516
2306,0.41121878173093335
2307,0.41090834049039887
2308,0.4106020492761819
2309,0.4103017593468956
2310,0.41000897943631853
2311,0.40972450227215995
2312,0.40944884879445975
2313,0.4091822668105769
2314,0.408925254739892
2315,0.40867748136760035
2316,0.4084379261690309
2317,0.40820451469961044
2318,0.4079739491218941
2319,0.4077425274287724
2320,0.40750720577183047
2321,0.4072656633327947
2322,0.4070166905409469
2323,0.4067597917840723
2324,0.40649487480671886
2325,0.4062218470126659
2326,0.4059405222532684
2327,0.40565098679742273
2328,0.40535333405187307
2329,0.40504839757432176
2330,0.4047378518492588
2331,0.40442344671867736
2332,0.40410596117514885
2333,0.40378503850205044
2334,0.4034603437272264
2335,0.4031309917520405
2336,0.4027963327404498
2337,0.4024562730176288
2338,0.4021112984336035
2339,0.40176339477124656
2340,0.4014141549236739
2341,0.4010646147331408
2342,0.4007163218247587
2343,0.4003705883675066
2344,0.40002931204582004
2345,0.3996953041243187
2346,0.39937255032796765
2347,0.39906612007317543
2348,0.3987802667469729
2349,0.3985184982679102
2350,0.3982826398324755
2351,0.3980730342698784
2352,0.3978893683683878
2353,0.39773126835229977
2354,0.39759829164884114
2355,0.3974897848286819
2356,0.39740364090927627
2357,0.3973366386306116
2358,0.3972845297603482
2359,0.3972415069591025
2360,0.3972008575248854
2361,0.3971571521655886
2362,0.3971060206482944
2363,0.39704415379048
2364,0.3969686851347862
2365,0.3968767105562613
2366,0.3967656719197604
2367,0.39663275862572256
2368,0.39647560981046254
2369,0.3962937165409723
2370,0.39608731580196743
2371,0.3958582413756877
2372,0.39560906464997553
2373,0.39534229762492223
2374,0.39505984691540513
2375,0.39476379922066274
2376,0.39445668323016075
2377,0.39414189853349574
2378,0.39382346480230407
2379,0.3935063671721962
2380,0.393195371704356
2381,0.3928943070429487
2382,0.3926062913785975
2383,0.392332831459409
2384,0.39207468821797675
2385,0.3918327586924628
2386,0.3916076982174493
2387,0.39139993811686075
2388,0.39120978046830635
2389,0.39103657176816653
2390,0.39087819698020554
2391,0.390731371902632
2392,0.390592595646713
2393,0.39045846117913846
2394,0.3903262981043377
2395,0.3901943588538958
2396,0.39004894875132895
2397,0.3899044926838169
2398,0.38975738893537276
2399,0.3896041725154663
2400,0.3894412227119856
2401,0.38926607487076714
2402,0.38907759786058277
2403,0.3888746924015419
2404,0.388657292980682
2405,0.3884250498334354
2406,0.38817608137127346
2407,0.38790799047522156
2408,0.387619306010638
2409,0.3873096449390009
2410,0.38697990210695304
2411,0.38663197886654405
2412,0.38626707406896066
2413,0.38588498106519914
2414,0.38548471168147724
2415,0.38506385919950425
2416,0.38462028538823934
2417,0.38417238355802685
2418,0.38371074499421853
2419,0.3832373600925991
2420,0.3827542938046608
2421,0.38226171356799943
2422,0.38175905309762737
2423,0.3812451842135947
2424,0.38071971708144425
2425,0.3801836489915011
2426,0.3796382311039271
2427,0.3790856088615546
2428,0.37852848967281105
2429,0.377968802146264
2430,0.37740718328169487
2431,0.3768432757614181
2432,0.37627700168208117
2433,0.37570942990849304
2434,0.375142743071735
2435,0.37458062852124485
2436,0.37402712654114595
2437,0.373483880475916
2438,0.3729503017529042
2439,0.37242544032480546
2440,0.3719080646308465
2441,0.3713596479355707
2442,0.3708438616423303
2443,0.37035907567915494
2444,0.36990461637950317
2445,0.36947953413470824
2446,0.36908104799245905
2447,0.3687051974670574
2448,0.3683470634556639
2449,0.36800142518212153
2450,0.3676635108899742
2451,0.3673295688586625
2452,0.36699859463152057
2453,0.36666878198388386
2454,0.36633744625908443
2455,0.36600059715341005
2456,0.36565302073881545
2457,0.3652895789572682
2458,0.36490771923899046
2459,0.3645058881097692
2460,0.3640827347732456
2461,0.3636396171259472
2462,0.3632375099187314
2463,0.3628368141559006
2464,0.3624382837466643
2465,0.3620410895662889
2466,0.3616448054342049
2467,0.3612501952297743
2468,0.3608571684426726
2469,0.3604657691508483
2470,0.3600759306402106
2471,0.3596882663876665
2472,0.35930442999853973
2473,0.35892268418715073
2474,0.3585424677080321
2475,0.35816334810823747
2476,0.3577852739008156
2477,0.35740836460268666
2478,0.35703290933378695
2479,0.35666001905964134
2480,0.3562908128572177
2481,0.35592616493205387
2482,0.35556695074651734
2483,0.35521109211978463
2484,0.3548605180131418
2485,0.35451438064677115
2486,0.3541744063102163
2487,0.35384681974498067
2488,0.3535304391746943
2489,0.35322757454588377
2490,0.3529419515237514
2491,0.3526673802644745
2492,0.3524058855675931
2493,0.3521578106192826
2494,0.35192349860571387
2495,0.3517032927130579
2496,0.35149753612748563
2497,0.3513065720351679
2498,0.35113074362227575
2499,0.35097039407498004
2500,0.3508258665794517
