,mean,std,cv,skewness,kurtosis
Unnamed: 0,24973.0,14418.023934182751,57.73444894158792,0.0,-1.2000000009621157
ID_Unico,113673.51272399639,36837.33799037663,32.40626343607335,-0.06886161575859445,0.8682180568835709
X,-73.7452921370547,61.53190042406146,-83.43841164762789,1.7342993990359674,2.556021737983511
Y,34.27057538077065,19.0869543062106,55.69487554305949,-1.7155101767652066,3.1268110409226066
Upper_depth_cm,43.86938546557527,50.50361538403707,115.1226871497157,,
Lower_depth_cm,67.98493443883382,60.570110547935585,89.09343084302101,,
Sand_gkg,388.8966392955534,279.3811135962081,71.83942604962554,,
Silt_gkg,359.3123099187112,197.68721756674958,55.018214547526426,,
Clay_gkg,249.6003947438394,178.7867491548321,71.62919327043448,,
Density_kgdm3,1.3211630006729895,0.3218606476832576,24.361918061534002,,
C_gkg,38.138601092493005,89.71532078080328,235.23495411703067,,
OM_gkg,,,,,
P_mgkg,23.122785080874422,200.23348047195068,865.9574518018163,,
pH_H2O,6.415539711759373,1.34544023889789,20.97158305219066,,
Ca_mmolkg,219.06423316474928,332.07652496041,151.5886551460314,,
Mg_mmolkg,47.61549344666489,66.15619528268167,138.93838012365575,,
K_mmolkg,5.898302142486245,8.542384348002866,144.82785285736634,,
CEC_Ph7_mmolkg,189.69815111021234,203.794490778997,107.43093150159109,,
CEC_Efe_mmolkg,213.57203389830508,229.61513794374395,107.51180000143556,,
MacroN_g_kg,2.1898582847977694,5.435568859110536,248.2155533462981,,
4000,0.5391648919201723,0.2039073468044437,37.819106892930606,2.4073503538792482,59.75731782474106
3996,0.5384229799170087,0.20373186677348584,37.83862769098165,2.412007813710646,59.786785381922506
3992,0.5375996177674243,0.2034384507080697,37.84200062360926,2.413810840561716,59.89781878826305
3988,0.5367171538102113,0.20325830922515312,37.87065641226502,2.4149729811705423,59.85642907831756
3984,0.536027647398899,0.2031417243560477,37.897620643599836,2.4093785449654344,59.742978946019576
3980,0.5351072827637,0.2027857507455998,37.89627935883442,2.4150904018232007,59.93008127219488
3976,0.5343101156416258,0.20253129737672074,37.90519614877799,2.4167821806834535,59.999236725197015
3972,0.5335749978946641,0.2023261007249079,37.91896200594657,2.4223589860324966,60.15135496234973
3968,0.5327194393503253,0.20208998962735322,37.935538803279044,2.424875967375381,60.228127028426414
3964,0.5320757730791671,0.20191241162671708,37.94805586772595,2.4255011837356393,60.21481011570339
3960,0.5315995893175492,0.20172314865809893,37.94644554128884,2.424073403148628,60.27098169148624
3956,0.5308818030154571,0.20155014703491403,37.96516397625438,2.428190085569546,60.30420292677272
3952,0.5305492934459907,0.2013834913274617,37.95754585204481,2.4237638403675246,60.23830285279711
3948,0.5304053248735009,0.20119733231953277,37.9327512157834,2.417353076886868,60.327764781538654
3944,0.5298492783998197,0.20105430105013175,37.94556475708134,2.416475773106082,60.2353769740249
3940,0.5288732856079087,0.20109024579768756,38.02238669827049,2.428869396383408,60.30282926657073
3936,0.5281497926459705,0.2010254981553216,38.062212833258286,2.4211075827466746,59.969357622099906
3932,0.528925488616358,0.20104091573827662,38.009307561295515,2.396109308803683,59.61478320118678
3928,0.5280044208297928,0.20089489383264064,38.047956779778744,2.411457528776367,59.874760305193064
3924,0.5278546385029332,0.20085030947391633,38.05030681241238,2.4019878146205857,59.546620233110545
3920,0.5278204612408249,0.20092873473815265,38.067628955838515,2.3916472972772627,59.09532752604147
3916,0.5273224647459606,0.20093153688465912,38.104110922234,2.396905973195283,59.25398914463026
3912,0.5253853048164782,0.2006834475008143,38.197384978423564,2.4190343665025043,59.469203664639906
3908,0.525336120342737,0.20055308013296422,38.17614520816129,2.397824644800482,58.94331424578357
3904,0.5286675551763339,0.2009750043617244,38.015384601139445,2.3244127039587443,57.64128552828533
3900,0.5286302246205226,0.20126666511895766,38.07324207832365,2.3308482082064246,57.89138260872958
3896,0.5236310196406248,0.20031490046629738,38.254972099203805,2.391939954887491,58.95836696623191
3892,0.5239595934637701,0.20043673146715535,38.25423448058592,2.3575336642173528,58.06228881424851
3888,0.5231822021423366,0.20044958333252463,38.31353255361513,2.355604550651076,57.87922467562484
3884,0.5238374886893984,0.20062718090728615,38.29950800375897,2.334022359449877,57.560881719808556
3880,0.5222133813212534,0.20008172858891038,38.31417113109647,2.3558576585442275,58.11467149196318
3876,0.5199886150188807,0.19962037870720567,38.38937487120895,2.376248494008209,58.34758370923213
3872,0.5214734843156673,0.19975064107834228,38.30504274641619,2.3309074486933294,57.44198225981666
3868,0.5211042159874462,0.19980755041122497,38.34310763205157,2.331618410886417,57.57772395511718
3864,0.519451840499109,0.19936230178831202,38.37936190518782,2.340275119420906,57.709256571718896
3860,0.5164497800886777,0.198858066511783,38.50482160678582,2.3762191053332096,58.39243915699366
3856,0.5189332890933626,0.19938824070066108,38.422711529841486,2.2812968194889436,55.73264339675653
3852,0.523230634223626,0.20070435489071076,38.35867813598444,2.244973348749055,55.47480325444934
3848,0.5132814851038743,0.19831437074547914,38.63657203714365,2.385552278535275,58.55535027244962
3844,0.5124367486586846,0.19789404285552495,38.61823793346541,2.3559834960841144,57.6965074471524
3840,0.5151514388239664,0.19822912898847286,38.47977779912796,2.295099935122689,56.440080583088395
3836,0.5141249106507159,0.19854562016682625,38.61816769693803,2.306373442380938,56.69609494022486
3832,0.5091976613549504,0.19722328890392446,38.73216706830955,2.366978095220594,57.90546243974591
3828,0.5064137823989989,0.196487564445139,38.79980586514294,2.3855090629488838,58.27167051720323
3824,0.5060205427197116,0.1962897005759942,38.79085610259907,2.355939604674906,57.43700707072389
3820,0.5082433047625188,0.19691722695702732,38.74467703003754,2.2999268094176557,56.3864830821266
3816,0.5039857397025128,0.1962944654061264,38.94841658059471,2.348224946207567,57.24684833956375
3812,0.4983621964592652,0.19508862246906397,39.145951248934665,2.4073295779857937,58.312566493308175
3808,0.4979722843686255,0.19494496779569812,39.147754586958,2.363251210892309,57.07201033761506
3804,0.4974936599059366,0.19477123071137456,39.15049505318336,2.339440799688374,56.69327504916473
3800,0.4960227383930123,0.19455911112557037,39.22382908410459,2.3318025541027416,56.704340014009645
3796,0.4905182192403444,0.1936757933971804,39.48391431762151,2.380150983117087,57.45908536826134
3792,0.4859827396679748,0.1931162254505849,39.73726013037472,2.4042311149453646,57.58918711437775
3788,0.48225602078512364,0.19223785536734161,39.86219913944756,2.3969218753669805,57.18831456394872
3784,0.47962209542218437,0.19168487975001922,39.96581508224507,2.388153372190876,56.97787126914093
3780,0.4772957292266693,0.19155076979849558,40.13251283619332,2.3640164958826784,56.18950443666004
3776,0.47238466754916403,0.19069947040124025,40.36953006765253,2.389010326952859,56.512155309440125
3772,0.4687860387337471,0.18992522510080928,40.51426651139662,2.3675985649487594,55.66433789931114
3768,0.46574598375909504,0.18948869651831887,40.68498776713682,2.3417217060514273,55.047984261833044
3764,0.46007468404162577,0.18846929537310428,40.96493502260435,2.3510813463618283,54.99378794774745
3760,0.4547022641411552,0.1874067103058628,41.21525778188897,2.3227158382553292,53.91893341166674
3756,0.4491761539399139,0.18645134366019267,41.50962646274722,2.2987594781237966,53.10658750310037
3752,0.4475594064430272,0.18651748303766863,41.67435213126543,2.1885541040296315,50.04250411756126
3748,0.4398792652331965,0.18548983789584234,42.168352217626634,2.17831703301061,49.605671540454026
3744,0.4311409691451396,0.18430168856083337,42.74743106095072,2.147758728803443,48.07755558860669
3740,0.4177790533002303,0.18174183836860264,43.50190296352574,2.180772119234683,48.32764695599541
3736,0.4090691348888177,0.18083251558602934,44.205856703214344,2.0556590264986956,44.29135408252791
3732,0.3906474135768345,0.17767653437378939,45.48258306562244,2.105660364205967,44.210810835356135
3728,0.3722456104712583,0.17426445719897002,46.81437532019609,2.099983315297276,42.65564301866974
3724,0.35132034804625084,0.170767906281463,48.60746245730738,2.042042053776245,39.812078922184206
3720,0.3236954240846331,0.16602159983754894,51.28944911934903,2.0151866642935574,36.91705047248111
3716,0.29369073097613374,0.16046737020689467,54.63821404017506,1.9815969335835026,33.31764512355613
3712,0.26516729347572326,0.15521444414972949,58.534535732228136,1.9096651301602958,28.70352094629502
3708,0.2238618634402843,0.14512207315194955,64.82661714761488,2.000100662580982,25.61556482084471
3704,0.2018401441973771,0.13882390410490053,68.77913442686915,2.0328722460835653,23.753054092876937
3700,0.18276167229350285,0.13194323206566708,72.19414793588406,2.1055540074036085,23.109159261347276
3696,0.17507296837929726,0.12766418977192528,72.92056046901519,2.172448356850011,23.811373981976715
3692,0.17678608303599963,0.1262771679416299,71.42936014704031,2.19358389286754,24.74890259326616
3688,0.17960342446208827,0.12492609949628604,69.55663561006108,2.243922754786436,26.400726305654207
3684,0.17550275128399237,0.12099381634119295,68.94126471294175,2.3882575177868453,29.299830544158795
3680,0.16764292401830014,0.11609197563438141,69.24955306894351,2.5199862690803707,30.777994042471555
3676,0.15943520171566725,0.11192081705537237,70.19830994096846,2.609127035476341,31.147691823755295
3672,0.14812114357084794,0.10642143391498966,71.8475643310755,2.7808037165679598,33.26760909962858
3668,0.13795030605297828,0.10152461784608297,73.5950653180092,2.970670750737601,35.92507436620911
3664,0.12996792494033435,0.09754270914211549,75.05137070311415,3.1327572961248875,38.17651148448157
3660,0.12305605699501451,0.09422454315646636,76.57042282793424,3.2497077984671314,39.3714876920947
3656,0.11666273591124238,0.09103651832449147,78.03393055495675,3.372279185167541,40.822812034636655
3652,0.11132110595567124,0.08822219437922597,79.25019574846534,3.4884889693512404,41.85205600632542
3648,0.10747116517833617,0.08594444816369412,79.96977423765628,3.5890755630143736,42.96207533996741
3644,0.10264625576514165,0.0831457404810714,81.00221470455958,3.747010176931189,45.67993867862118
3640,0.09925346857258985,0.08129842715304476,81.90991037616634,3.832737252989766,46.57812332661665
3636,0.09595807214652116,0.07961020189755261,82.96352783744288,3.9015299491668363,47.090370552380605
3632,0.09281924960016018,0.07810348725508852,84.14578612899466,3.9488850866401286,47.135050930713724
3628,0.08903994006242867,0.07638348799740906,85.78564624353321,3.9949272944890692,47.14742175782641
3624,0.08562740135793374,0.0746173910909256,87.14195445335909,4.076886914592202,48.66699544426819
3620,0.08596802751178295,0.07408388872559839,86.17609461313313,4.098054920019995,49.25347724159477
3616,0.09037233801209331,0.075182171727182,83.1915754100789,4.077949106265671,50.102695994318836
3612,0.09431843732750027,0.07651340884717087,81.12243058215086,4.026631731058165,49.94040295298313
3608,0.0970189527961758,0.07749481604793702,79.87595600082754,3.972917824972095,49.436285578228244
3604,0.09848345622288518,0.07810712859429528,79.30989791577305,3.9353714822434367,49.14185075863122
3600,0.10014088069478427,0.07884813814234866,78.73721261016968,3.8689322009550766,48.174994340650734
3596,0.1014654819476424,0.07927222736010689,78.12728608632881,3.821507410650122,47.62806675001111
3592,0.10296109116754432,0.07982137551288815,77.52576687731305,3.7722419952266426,46.993791923760114
3588,0.10464306940222243,0.08047128382883566,76.9007295834602,3.708021708145777,45.93218804747689
3584,0.10549106549057964,0.08085596229289001,76.64721359754438,3.6676231013732052,45.47722443246764
3580,0.10578142054391831,0.0808627960839004,76.44328812007946,3.652379749524613,45.43855314961879
3576,0.10623609503601962,0.08097830786174802,76.22485355310934,3.627218940274971,45.15778600084606
3572,0.10686851522480728,0.0812297235988564,76.0090316853215,3.58640314861084,44.49356933080168
3568,0.10779041902174391,0.08152528482387741,75.63314584335349,3.5383568309693847,43.65347706892298
3564,0.10783292902997296,0.08153002706802247,75.60772743672815,3.5245333455581522,43.73598286311268
3560,0.10766961282829113,0.08151590615837648,75.70929626019559,3.521209184005575,43.81982596818107
3556,0.10761986581461606,0.08145417536183572,75.68693265437362,3.5122899361031723,43.82355886923716
3552,0.10785956502554811,0.08156213640996986,75.61882563743946,3.4908538200119312,43.570817098561754
3548,0.1080207356781059,0.08165926358536163,75.59591505532829,3.4707508986557656,43.322710656752044
3544,0.10821241276504155,0.08187256128132595,75.65912189675824,3.444149536529305,42.96180034085068
3540,0.10769481814914406,0.08161427288306264,75.78291535813443,3.4465811988599935,43.208280021730296
3536,0.10751227385484032,0.08160074127609228,75.89900050506515,3.4246586593457087,42.875172588601544
3532,0.10710071658192011,0.08142445040855806,76.02605566721621,3.408845994119325,42.7030949859147
3528,0.10703387379169085,0.08142450355914985,76.07358369334374,3.3898050699697433,42.35426437189817
3524,0.107202315598178,0.08159274994123306,76.11099581753791,3.38467859902553,42.19862675761575
3520,0.10691960279277204,0.08148333578038264,76.20991254364354,3.4103807064846783,42.768404835621155
3516,0.10682277537395135,0.08151732879287242,76.31081340800883,3.41999252810128,42.86496299103688
3512,0.10671021520266293,0.08150137914410549,76.37636095974403,3.427294635611759,42.94127066807261
3508,0.10643268477711482,0.08136832385528585,76.45050392713732,3.4379319041346803,43.14648552822336
3504,0.10635357020340376,0.0814651703732506,76.598435028976,3.4343130418035224,42.92802906197623
3500,0.10601450025413957,0.08141593589018298,76.79698125729165,3.4377538083874883,42.85833846328263
3496,0.10552539581651815,0.08124881692410074,76.99456258413073,3.4461542101281717,42.91074258363812
3492,0.10478963577365102,0.0809134997271805,77.21517412462073,3.458782187019356,43.08883205632218
3488,0.10439682772954251,0.08078950983516517,77.38693942354642,3.4604326881075367,43.01859443467818
3484,0.10386817394245672,0.08056461001940503,77.5642884258638,3.464983484567369,42.99315761888217
3480,0.1034718758822705,0.08049323340780858,77.79237857772402,3.46178232032853,42.76486385759826
3476,0.1027908521007308,0.08018940638754944,78.01220123067677,3.472054419111514,42.86560239128828
3472,0.10230038746807489,0.08004802538112679,78.24801778596152,3.471993653747147,42.6805876227601
3468,0.10213878814197616,0.08020214499285312,78.52271057041483,3.4586736598792824,42.109861662987306
3464,0.10127927152719991,0.0797433805956277,78.7361316814088,3.472525964589853,42.24334173286537
3460,0.10080702571638803,0.07958593854216649,78.9488014119916,3.4758831704930597,42.12480715286932
3456,0.10024118725269798,0.07932282111020524,79.13196489806167,3.487982967992707,42.267450334189064
3452,0.09985340019097005,0.07918412148649485,79.30037568581028,3.494256767805871,42.182327246057916
3448,0.09966758072129342,0.07914713862704786,79.41111648768909,3.494545473734954,41.919205921187356
3444,0.09940100331578737,0.07904849906337794,79.52485027967828,3.503261263556163,41.90540192208979
3440,0.0991918583605566,0.07902678323690135,79.6706348112197,3.515026074368021,41.94247956572522
3436,0.0993434126714586,0.07931042187376165,79.83460577909818,3.515147403438404,41.5270793018001
3432,0.09920125450721794,0.07918457561470163,79.82215145166346,3.5327542491025654,41.76780492696069
3428,0.0991361036338973,0.07910164222230438,79.79095336893734,3.548867349496282,41.96797451396254
3424,0.09902288016812494,0.07895512386591393,79.73422276938503,3.568969211590978,42.30475797142621
3420,0.09913922692021222,0.0790451175974565,79.7314242333889,3.575642878904443,42.28044161093431
3416,0.09916491338117929,0.07913295474245884,79.7993484230458,3.5832176320989344,42.23927928452898
3412,0.09941133134928422,0.0794425289193432,79.91295141216837,3.579001855096751,41.86230170477908
3408,0.09937834948227049,0.07946519032768871,79.96227623187245,3.582929703812313,41.81309470706724
3404,0.09950050372850136,0.07964593847390196,80.04576408097904,3.5779093351398634,41.521340828020925
3400,0.09982852614423866,0.08006538218185075,80.20290920269338,3.5614169102408693,40.875926760320475
3396,0.0996631166896386,0.07989417744240342,80.1642373790118,3.5687727055549425,41.023628345559416
3392,0.09998600836714386,0.08019299039552433,80.20421227444092,3.560263648852259,40.655025541427875
3388,0.09991148053118429,0.08005276969720904,80.1236947662116,3.5726576215685117,40.916055191401234
3384,0.10000146591266394,0.08007274781451089,80.07157403516689,3.5761416984527363,40.94650905224792
3380,0.10033671267736509,0.08036190292227359,80.09222225635303,3.567115068038673,40.63502030259605
3376,0.1006907822000801,0.08062723184670063,80.0740942567,3.561826877687869,40.367610155855
3372,0.10131624919113023,0.08111489929866982,80.06109577314578,3.554081015575348,39.97891017903053
3368,0.1021754512567424,0.08181695446688246,80.07496268481954,3.540030198662653,39.36978045172272
3364,0.1024058801848233,0.08184988029538175,79.92693402728256,3.5517457524043774,39.617321848393026
3360,0.10281947178292121,0.08211017037813888,79.8585802419749,3.552925049941067,39.5528755798389
3356,0.10334367316624286,0.08243800480910175,79.7707322406555,3.557601732613677,39.6232336410705
3352,0.10411872980424465,0.08304248696278103,79.75749139363359,3.545121900841968,39.209685623481455
3348,0.10454119716630293,0.08326745598401568,79.65037539368788,3.546703920669421,39.27364212333936
3344,0.1050328509595355,0.08354531382733002,79.54207951521407,3.5447841567742606,39.258361173971075
3340,0.10570547964066473,0.08400233826232699,79.46829109321918,3.5371272964713496,39.07813960339863
3336,0.10614351954477924,0.08419432711738904,79.3212128997377,3.537632334669326,39.175527586964606
3332,0.10636145646759436,0.08418988277190825,79.15450349023641,3.5457816871356362,39.51422953250404
3328,0.10708649853588947,0.08462317970290191,79.02320167330983,3.536732937264872,39.38227200140317
3324,0.10762241321173292,0.08490846243349652,78.89477656150518,3.531116880092473,39.35124027764455
3320,0.10788332148925818,0.0849148914470552,78.70993428350283,3.535748501418712,39.630542216913845
3316,0.1083258993155271,0.08509100436784738,78.5509327921644,3.5325080013990062,39.7139034026744
3312,0.10889726245305836,0.08537763981217943,78.40200744163116,3.5228379243696866,39.63451185590521
3308,0.10974352292886178,0.08594985518396434,78.31884095763809,3.5015694030751074,39.20387496911736
3304,0.1100826365394534,0.08596446187366957,78.09084572829983,3.5007322629488584,39.449917099534915
3300,0.11008643618023826,0.08565631535628002,77.80823717105329,3.5108572270779446,40.02847826362774
3296,0.11064395389182101,0.08591013377691042,77.64557461576854,3.4962774396456755,39.850070963917
3292,0.11097997870605665,0.08595338743366718,77.44945388872772,3.4910719940192725,39.95256505524035
3288,0.11092447553478829,0.08561107464050853,77.179607320892,3.501632948579042,40.532840680672564
3284,0.11111307741515668,0.08551365096660611,76.96092391276113,3.5013926590387747,40.80489684145918
3280,0.11140468507666434,0.08550272873387522,76.74967051433752,3.4986481463554644,41.01335885994506
3276,0.11199210248263089,0.08566979232122154,76.49628002519934,3.4836310272602833,40.91739249350722
3272,0.1125136209711683,0.08590918051837754,76.35447137586286,3.470015357467825,40.77749548973929
3268,0.11255789952742017,0.08567784269339815,76.1189068498264,3.4769374232016963,41.230787757269745
3264,0.11263836034558014,0.08546003411482675,75.87116312118809,3.4831594602216827,41.654435532759074
3260,0.11298315173747121,0.08549328278143203,75.66905460389802,3.4787647486484836,41.77722621112218
3256,0.11349131554990491,0.08567121792205198,75.48702515866094,3.4676701821687943,41.72912284759731
3252,0.1137559131873861,0.08564482840655703,75.28824305201375,3.4672867969637715,41.95764969622751
3248,0.11445955891092202,0.08592397256493066,75.06928506670279,3.4531768412530703,41.87244050221187
3244,0.11480085429512464,0.08593214085170024,74.85322420231293,3.452134365782398,42.065392709642616
3240,0.11517256527814596,0.08594971510710898,74.62689999092864,3.452010834651303,42.28651854515337
3236,0.11591827346515166,0.08628674600085996,74.4375700409308,3.438289971008303,42.152275951455984
3232,0.1166758743243768,0.08660793293273103,74.22951268567117,3.4239887436690046,41.97747833339673
3228,0.1170164757011913,0.08653723970922493,73.95303882694523,3.4293358671830805,42.36145346348516
3224,0.11765392537214936,0.08673344627821274,73.71912667075703,3.4228698179646626,42.41282078976455
3220,0.11864166925604165,0.08712423583922764,73.43476907021937,3.4085880192459497,42.35150105780999
3216,0.1194654136926419,0.08743004764103453,73.18440119076867,3.3980666955471452,42.31789135232816
3212,0.12029489704510962,0.08772533317080443,72.92523234623006,3.3872352766088407,42.253776265708765
3208,0.12120834496221844,0.08808506059951235,72.67243903624716,3.374492149381934,42.153744067490074
3204,0.122185500899089,0.08849020290251737,72.42283433907593,3.3611618645218875,42.056798736593635
3200,0.12319043648837721,0.08888493065663713,72.15246019931365,3.348194654553025,41.945810068289646
3196,0.12447144989490438,0.08942462009325919,71.84347910204592,3.331010678299948,41.78842440819729
3192,0.12562336663033336,0.08993786354104868,71.59326003871962,3.3135036513679035,41.535185460362214
3188,0.12679940389506458,0.09045227201837323,71.33493473930591,3.297069898425771,41.31383937113757
3184,0.12798651886815496,0.09096293945516642,71.07228187749345,3.2828409460285064,41.15641767117067
3180,0.12924238792065273,0.09152478812896887,70.81638586340554,3.2664729254049596,40.923876388905306
3176,0.13051706153198517,0.09209467234326617,70.56140497056546,3.2492080851845704,40.642404096811774
3172,0.13181674007101812,0.09268192936718674,70.31119819626326,3.2308556667708994,40.33363880455153
3168,0.13353699020850934,0.09349295022484537,70.01277329889058,3.2069502344393377,39.95612152453121
3164,0.13486399576359998,0.09410927008958765,69.78087039223549,3.1897993912377927,39.68523788936225
3160,0.13628657930341373,0.0947743808994529,69.54050896563884,3.1706089583115786,39.371971133667664
3156,0.13790439803499852,0.09560459809588126,69.32672159710087,3.143561693504979,38.811583045437935
3152,0.13968190149536489,0.09657458065014105,69.13893612290617,3.112343302852302,38.12126173411744
3148,0.1408162366840124,0.0969641385961994,68.85863511164848,3.106234779522842,38.139643838333896
3144,0.1421073538147362,0.09753030739505934,68.63142882964983,3.092336478306284,37.92895122486405
3140,0.1444146898940835,0.09880403640599876,68.41688783770095,3.052882369791151,37.06000215892262
3136,0.1457218143342477,0.09934580913225871,68.17497406694748,3.0415971360900587,36.91386353308116
3132,0.1472241807910902,0.10003756935010281,67.94914314521148,3.02549501255577,36.646293376421205
3128,0.14880499656177795,0.10080819362644808,67.74516713529609,3.0055225212828884,36.25402996870679
3124,0.15037613332045247,0.10155183007367082,67.53188011375664,2.9866999591356507,35.908709112040015
3120,0.15249317421367506,0.10279129519223441,67.407145088476,2.9511770290349575,35.08157299354647
3116,0.15419051340594656,0.1036268570606298,67.20702510912925,2.9300383217221073,34.666556408175765
3112,0.1555677685294224,0.10406283269380316,66.89228345788212,2.9219848587106325,34.69098827112413
3108,0.15713830736311943,0.10477329387579601,66.67584475991781,2.903916481763402,34.39551740220424
3104,0.15843448953729103,0.10520346162942425,66.40186864405071,2.894318753641101,34.35382111305298
3100,0.16014446050195216,0.10597652411129746,66.17557908598755,2.87169869411653,33.989315385020674
3096,0.16147328494085492,0.1064065062720288,65.89728221049309,2.860509381468076,33.94896855066112
3092,0.16312777697493241,0.10710123068931533,65.65480917806745,2.838391010906753,33.6521114502236
3088,0.16515769773929323,0.10794571991050637,65.35918179296867,2.8105283333735387,33.31330276610971
3084,0.16683911197995796,0.10858219541542097,65.08197875595545,2.788968382328803,33.080288664513596
3080,0.1684757733258384,0.10914683208491217,64.78488267498149,2.768966147901118,32.94107311414126
3076,0.16961251020170187,0.10926067547998125,64.4178164393943,2.7628218679613017,33.207234356980344
3072,0.17071992047486234,0.10931212267871349,64.03009231415918,2.7570280597094206,33.4831399225571
3068,0.1725103519073781,0.10990860115907772,63.711307723775526,2.7328663007496248,33.308418733831786
3064,0.17392439238600457,0.110141004619725,63.32694517930532,2.720839466900747,33.47050361447273
3060,0.1755260856695565,0.11033232505759294,62.85807869338771,2.7076821025841356,33.76555332433833
3056,0.17720027731997198,0.11078656624045742,62.52053773054159,2.6873441135458003,33.71447405821068
3052,0.17880746147804585,0.11116168760501166,62.16837188232226,2.6694097518618256,33.74142882154995
3048,0.18031025450695765,0.11142400558491862,61.79571200184796,2.6545177141197733,33.86897799238241
3044,0.18207368265770346,0.11189906967243259,61.45812400730182,2.63155018429407,33.79703514569811
3040,0.1834447823141856,0.11202742244728447,61.068742884938146,2.6187724918088544,34.01783583832812
3036,0.18457596559865852,0.11196348787456291,60.65984133493091,2.6094413899229396,34.3992803885061
3032,0.1861077230162579,0.11188813908268704,60.12009457174047,2.5966263376939107,34.99906848170189
3028,0.18704389816007608,0.11169191359319695,59.714278141064334,2.600264147724864,35.63287655626171
3024,0.1884694658249074,0.11194324548114983,59.395958380413596,2.5903465666731007,35.839023496084
3020,0.19004372870783864,0.11236580813764009,59.126291039250376,2.573974745565036,35.78140101418455
3016,0.1919641945741315,0.11309828947833639,58.91634621198112,2.548324460701188,35.431704155045445
3012,0.1936293072023826,0.11366494836992083,58.70234729039107,2.5294642636915845,35.23197907707266
3008,0.19447683044641106,0.11365036407627334,58.43902526352114,2.5359429831059006,35.70433506572371
3004,0.19574498882995292,0.11391174407395062,58.1939516075723,2.5306977821517287,35.92095322082699
3000,0.19692624959897886,0.11424781350713048,58.01553309413298,2.5241438088609667,36.02574808662853
2996,0.19787253359659626,0.11449005141799773,57.8605071340569,2.523663611169496,36.257573270918705
2992,0.19841658430960055,0.1145701559469191,57.742227720314375,2.5331441443697122,36.69059001326452
2988,0.1985525983553709,0.11445594762973309,57.645152255766,2.5511431814709375,37.28169765136216
2984,0.19941563787870656,0.11489376334983563,57.61522244294558,2.5448975034718595,37.28480384936199
2980,0.2011442517423766,0.11589525050718229,57.61797789559488,2.5136288845184827,36.6990198233261
2976,0.20225683109680648,0.11648589449413596,57.593058223275605,2.499412245657127,36.493968659909456
2972,0.20328187131502654,0.11706417298582464,57.587118924348125,2.4881791036272984,36.33304797940348
2968,0.2042579877507659,0.11764048408432429,57.59406786473797,2.4775615640250317,36.12626708619542
2964,0.20540368795450994,0.11833516359385467,57.611021872237245,2.4624519359856825,35.807260735588045
2960,0.20638214137357094,0.1188439737561747,57.584427104599136,2.4502680340866143,35.5886362799654
2956,0.20730429031496644,0.11924197353614055,57.520263258889145,2.4351882519839125,35.32277356660727
2952,0.20875373364012406,0.11998168745592304,57.47522947913476,2.399008735592845,34.55103888127964
2948,0.20968392037977776,0.12051081792107074,57.47260815364504,2.3729583022817833,33.918918950398954
2944,0.21051704295032536,0.12111846329704887,57.53380419922988,2.3472078206175335,33.244092175182395
2940,0.2107831740293123,0.1213572656560386,57.574455937911914,2.3380426534870056,32.92543654359055
2936,0.21146858255903495,0.12188927059596388,57.639422897222325,2.321432831009377,32.43452912623794
2932,0.21257243506645307,0.12266634361366643,57.7056679880998,2.29882085351059,31.843505732635002
2928,0.21375252024899388,0.12335696807436984,57.71018181711965,2.2814417743964697,31.42553540594985
2924,0.21499211965624188,0.12387707653536983,57.619356808724454,2.2772721829419567,31.43444189722066
2920,0.21675596947826611,0.12445939383959302,57.41913089598781,2.272040067019825,31.565173815322595
2916,0.21948215302755036,0.12500433030652366,56.954211803650644,2.2640380718664983,31.89428605868852
2912,0.22232954575110617,0.12506795025675158,56.25340970055453,2.2666873385878867,32.65090374128036
2908,0.22431012969492442,0.12487186312846829,55.669292910802426,2.2823510948427392,33.568649822224515
2904,0.22614755615511062,0.12502354441373686,55.284057249765475,2.2870898968405657,34.04712516852108
2900,0.22785807035969563,0.12526648576289878,54.97566338780704,2.288648791214957,34.36148514490603
2896,0.23013076989874862,0.12583230938670845,54.678611400844524,2.2801283935653505,34.47389221551199
2892,0.2316275052070277,0.12606169402680867,54.42431973445263,2.2835612347911782,34.76880715499601
2888,0.2329892856084493,0.1263118093440259,54.21356995630241,2.287901781825654,35.05368243239838
2884,0.23404469590499555,0.12654486385975053,54.068674092540924,2.2966067130817587,35.408334403629205
2880,0.23498633780374412,0.12683451187361086,53.975270672774386,2.3037917532948597,35.69587990897199
2876,0.23648551693945344,0.1274332180771244,53.88626742404301,2.29587127163319,35.65233057179262
2872,0.23883701987926717,0.12831730705183658,53.72588684815334,2.2716865356065346,35.31178637170543
2868,0.2406323754295325,0.12880278948458487,53.526791336647825,2.2552979409037666,35.09613972316189
2864,0.24268533689312247,0.12962230513772824,53.41167571026894,2.223578264787083,34.45976329156354
2860,0.24458591538410251,0.1306424602576981,53.41372991675936,2.1848078581512618,33.53204927556323
2856,0.24586909488715591,0.13150743179808275,53.48676776901928,2.156005936464209,32.74227652492964
2852,0.24728657422018221,0.1323858444747288,53.53539507440196,2.13732502721068,32.24441851723746
2848,0.2506231464006207,0.13318090048951747,53.139904435094756,2.1286861655410845,32.34347104170853
2844,0.2565686899772349,0.133855706677975,52.171489315337695,2.1298054937050903,33.13429667456874
2840,0.26097428328066874,0.13488517446857504,51.68523609796094,2.11270606527294,33.0859543093685
2836,0.26461198520344376,0.13578053965714765,51.31307244180735,2.0993188377398893,33.00776480977561
2832,0.26753870420975073,0.13646530435135473,51.007686814677,2.0914898183582595,32.95358142389094
2828,0.2702092484096906,0.13713095770004266,50.74991270917752,2.0830336310154323,32.88185050950083
2824,0.2727178962464511,0.13779563298985728,50.52680256279677,2.0737901350366266,32.836481397099085
2820,0.2749009646219642,0.1383147293279181,50.314384861517134,2.067676887833172,32.86537409264514
2816,0.2776052989525478,0.13907428662994545,50.09785013279519,2.059043121148281,32.87555219333436
2812,0.2798864857461808,0.13979846328534468,49.94827203344251,2.0496223364794868,32.751507884858654
2808,0.2819499540966263,0.14039042770711466,49.79267620628937,2.0439134101202763,32.720422280225534
2804,0.2837795556049254,0.1408235360794834,49.62427112809222,2.042320776156148,32.79993369815873
2800,0.2858695607188508,0.1414441217427169,49.478552871120634,2.032644542483342,32.71980465631582
2796,0.28791538605796374,0.1420442868796456,49.33542761450371,2.0239204581096764,32.63834680101806
2792,0.28985647478778653,0.1426060574548767,49.1988517970086,2.0167281926411094,32.56978615171924
2788,0.2921578650346581,0.1433159663440747,49.05428999047258,2.0068210243465514,32.48405642809359
2784,0.29378408491576735,0.1436684621632303,48.90273828292038,2.0064366098651245,32.57496700284754
2780,0.295574493259065,0.14415734402655528,48.77191615455273,2.00152308302539,32.570270193481065
2776,0.2975059235907698,0.1447690241820903,48.660887969822525,1.9913557428783681,32.441812407451316
2772,0.2991791098665332,0.14519201546017574,48.53013150715883,1.9880607873952565,32.48048433765193
2768,0.3007163728052658,0.14554381333365535,48.39903194359983,1.9885933782263687,32.59968345268555
2764,0.3025962690822705,0.1460609619192164,48.269254066548,1.9847394319708178,32.65461096681198
2760,0.30418637955298833,0.14647792261924406,48.15400440825065,1.9821105278922622,32.70818242147821
2756,0.30575082957122834,0.14689381959747064,48.04363729886461,1.9795122628565125,32.75401480923771
2752,0.3073345841508059,0.14731947355201302,47.93455769355423,1.975653042252714,32.76899515468329
2748,0.30896660903786166,0.1477938341237389,47.834888884587464,1.970043593514705,32.75844212188933
2744,0.3102433830849935,0.14801560131360564,47.70951110762471,1.9726396512860969,32.92449102963173
2740,0.31162171445658227,0.1483138563032909,47.594198164889185,1.9717273096196086,33.00460079874717
2736,0.31338998884845326,0.1487561968318678,47.46679923582441,1.968177495178045,33.09878492223473
2732,0.3146293956557613,0.1489659233778667,47.34647348108935,1.969199762104211,33.2413316091886
2728,0.3161124377634398,0.14932654399085749,47.23842726574549,1.9642871424073447,33.266899785589445
2724,0.3174657785955751,0.14959044263200583,47.12017884062129,1.9620078070558429,33.35692184826347
2720,0.3185567977311243,0.14966140183250815,46.98107304519957,1.9665153619379188,33.617577470499704
2716,0.3196804047941736,0.1497619569288189,46.84739967882712,1.9676176244036048,33.80054633441212
2712,0.32079815033637005,0.1498759791268694,46.719714240782956,1.9674751279668508,33.940183922925165
2708,0.3222312204131945,0.15004286096325997,46.563725504580596,1.9664937754562641,34.141099662292476
2704,0.32334190839012916,0.15011297709623245,46.42546270714564,1.9673441811787147,34.32828049167006
2700,0.3245006519959155,0.1501999155390838,46.28647573286674,1.9669182526683306,34.501213533159245
2696,0.32562807099893887,0.15027115658288828,46.14809654520785,1.9671929467178233,34.685626132620065
2692,0.3267310672733006,0.15033431608068645,46.0116380530586,1.9670207535294595,34.84564222114417
2688,0.32781222402368604,0.15040089990176297,45.8801987478343,1.9653828360917263,34.962707968263636
2684,0.3288971153637201,0.15049788905691694,45.758348743948275,1.964178280168313,35.09494692633004
2680,0.33028896444991496,0.15071378743436165,45.630887996930305,1.9581242382454025,35.16401668976516
2676,0.33120999323041345,0.15070051327049538,45.499989840480836,1.9592410559702174,35.371082252377036
2672,0.33204339475174693,0.15061132621463277,45.358928560297876,1.9623058558688695,35.63256963171344
2668,0.33287975283329657,0.15048873007160393,45.208135607745255,1.965408529159916,35.9430528591108
2664,0.3336919292896987,0.15035723278311147,45.05869623612533,1.9683428719389604,36.26718117940702
2660,0.3344335817176694,0.15022417930145568,44.918987659641104,1.9726954646957573,36.597322436183404
2656,0.33519759717335074,0.1500706446410957,44.77079964373527,1.9782351916196688,36.96188361662967
2652,0.3357866490378016,0.1499291868882689,44.65013344571375,1.984307674987226,37.2754492605289
2648,0.3362748405411352,0.1497639135369431,44.536163721300774,1.991784822627953,37.6110601380046
2644,0.3366126887241365,0.14953817006497355,44.424400824510876,2.001587284800593,38.00025000411553
2640,0.3367514645294624,0.14924806427953702,44.319945122756636,2.013821203460899,38.450915508573125
2636,0.3365957249923716,0.14884006024345733,44.219236666428415,2.0309971220773098,38.99358471264401
2632,0.33620456846829516,0.14836194923473323,44.128475086061805,2.052617336594293,39.62721629678733
2628,0.3358351852211433,0.14792073553440765,44.04563370481973,2.074763140590844,40.25352592222364
2624,0.33600047427626384,0.14779580948084303,43.98678597082082,2.0821678655101956,40.51017509663252
2620,0.33635446488547394,0.1477780034419708,43.93519898488283,2.0860020504478327,40.68194321789651
2616,0.3366565625964961,0.14780457874092767,43.90366776187894,2.0878273296024297,40.77322320656386
2612,0.3367538444432676,0.1477801933698416,43.88374351424454,2.091246720818479,40.90112646305631
2608,0.3366779829135249,0.1477088028231918,43.87242716169252,2.0956053147326172,41.04910021509088
2604,0.3365781950552408,0.1476305751465827,43.86219229749951,2.100538450602375,41.219446702834496
2600,0.3363656974066873,0.1474301527100978,43.83031737384489,2.111530963281494,41.56935842027172
2596,0.3360123191150265,0.14717546543406346,43.8006159481555,2.124239325357122,41.950644151817556
2592,0.33564535213428764,0.14695841776005855,43.78383815702661,2.1364553280736125,42.29179204859933
2588,0.3354877603569527,0.14684732010847643,43.77128988319384,2.143464779674454,42.47650380908925
2584,0.335559177456322,0.1468261722388156,43.75567175716039,2.1475535190688975,42.59530063800572
2580,0.33576373363842227,0.1468770372062905,43.74416367565762,2.1497778836212724,42.63808170651596
2576,0.33600451542881166,0.14697161631708472,43.740964650287026,2.1515524466117517,42.65130696693989
2572,0.3362935037211933,0.1470918448253289,43.73912763633891,2.1532185324626,42.65097989364677
2568,0.33643841186469114,0.14716624518215182,43.742402767416216,2.1558377203922605,42.673207088520776
2564,0.33626374740652715,0.147178418322255,43.76874386768883,2.160951671519094,42.736014239832635
2560,0.3357898267130043,0.14715852637296603,43.82459344092659,2.1679162457894856,42.83713314517786
2556,0.3351759739545499,0.14714440289961808,43.90064155361296,2.1752907076749515,42.95940921884111
2552,0.33457759700630696,0.14713330113072104,43.975837727099076,2.18134890860417,43.064464148755015
2548,0.3338910740487736,0.14709132945058087,44.05368723007381,2.1887372306577952,43.2155078067466
2544,0.333287335780939,0.14703104475306367,44.115401027329554,2.1948525550966558,43.35755709643809
2540,0.33228103072840126,0.14696885635403464,44.23028784756706,2.2031135328075697,43.51428266009154
2536,0.33031113128937833,0.14702534176834944,44.51116775702717,2.209600193787675,43.57262046024471
2532,0.3279788824935429,0.14721565726615868,44.88571219796659,2.2089138468515404,43.42266189372481
2528,0.32577931554257683,0.14746825819381223,45.26630487519066,2.204057460935936,43.2273925890218
2524,0.3240360784662528,0.14767511941726258,45.57366578322,2.197547978632118,43.08551401654818
2520,0.3228935691529683,0.14768753194616926,45.73876535652014,2.1963531340343865,43.20856068180277
2516,0.3230086070443088,0.14747864556525536,45.657806742290596,2.200849302209476,43.52690420613327
2512,0.32379718311494643,0.1471530125200227,45.446044682786535,2.209214343432434,44.031910273638545
2508,0.3253288699727901,0.14666980144954378,45.083549290233904,2.2232659427094412,44.724117580293914
2504,0.32766998696556215,0.14603895708739595,44.568914730278465,2.2406289756796145,45.53102264453423
2500,0.3305122311657824,0.14546667618162668,44.012494081848885,2.2560308812709837,46.323903046257506
2496,0.3334407007288818,0.14509276284516257,43.513812959245314,2.263762042523831,46.85312111115064
2492,0.3371445381925919,0.14495144922509326,42.993859548242355,2.2586477051315628,47.09647839172576
2488,0.3395923781287016,0.14501810319076153,42.70358009501655,2.2516137793631397,47.052177686676075
2484,0.34172310629094005,0.14516388344660522,42.47997304666134,2.242882335179306,46.92029708407009
2480,0.34369819985474026,0.1453923583351778,42.30233338336543,2.231918102475057,46.66657705086503
2476,0.3455339783149664,0.14570190331013239,42.167170945289776,2.21927639070631,46.31124639427211
2472,0.3471539471755531,0.14604785548073676,42.07005470310308,2.205968017171754,45.91242568835806
2468,0.34837390130657725,0.14632433439822728,42.002094258334935,2.1974050773456595,45.62725399426759
2464,0.34928840145401935,0.1464831896608119,41.93760487065445,2.194039276125078,45.50946419830407
2460,0.34976788840150164,0.14647607873248467,41.878080747179254,2.19699875326644,45.55608698154192
2456,0.3500603825938933,0.14639015003856304,41.81854254795548,2.2010871381132135,45.6366291071434
2452,0.35020292678360193,0.14624267952345746,41.75941099824789,2.2076398476832337,45.8168757114887
2448,0.3501958838641306,0.14601968661274822,41.69657421484746,2.215860929596642,46.06199141709713
2444,0.3500494235558114,0.14571560482852364,41.62715177426679,2.2256610057828023,46.37367063421864
2440,0.3497339815168686,0.14526595297660727,41.53612764380482,2.2387192837446954,46.83126138909234
2436,0.3493862301085594,0.14485152520126265,41.45885347463613,2.250933032611533,47.234445006283096
2432,0.34898941890361396,0.14441210929396953,41.380082452830514,2.263616447205438,47.65840013918526
2428,0.3485624441887276,0.14396208538155197,41.301662810123155,2.2776326561087643,48.14944604318545
2424,0.34810444998196016,0.14349906187646752,41.222989790536744,2.2908558445414635,48.61304883181494
2420,0.3476224720003604,0.14303323073803018,41.146140499766624,2.304919253682153,49.096295246683894
2416,0.34713033467396137,0.1425663795757344,41.06998592031388,2.3178202129446706,49.5444657671866
2412,0.3464922488553609,0.14197229804784023,40.974162774736385,2.3360689780199966,50.19365235109183
2408,0.3460061868165982,0.14154106200419203,40.90708992993133,2.347709031325402,50.57934585150876
2404,0.34548640696772454,0.14109910325804964,40.84071049175349,2.3598292719319685,50.98052817634311
2400,0.3449168064871959,0.14063981940312295,40.77499755244423,2.373300522631807,51.424393043068996
2396,0.3442739000988087,0.1401389824391241,40.70566557584044,2.38642813159814,51.8649562401486
2392,0.3435547593346081,0.13959359505582758,40.6321237773537,2.3995711807091893,52.332103663012056
2388,0.3428776558179197,0.1390943844659525,40.5667683810276,2.4114542316569842,52.75737862389118
2384,0.3427918444394634,0.1387530573504132,40.47735078916582,2.4096043181131734,52.793582404891325
2380,0.34434404918280104,0.1392361048024738,40.43517090912697,2.3755973123725163,51.761208793758016
2376,0.34823752337501246,0.14081418927760941,40.4362482000449,2.2993196443795165,49.355047173650426
2372,0.3555488517058164,0.14434267262637232,40.59714211812515,2.1598956707942962,44.647336841255466
2368,0.3676531012805486,0.15153492947278774,41.21682339819419,1.941336609612755,36.74960108782304
2364,0.38297434326222846,0.16316051232712064,42.60350992113383,1.7231073077561874,27.501834318735412
2360,0.3908595565369306,0.17007997822298154,43.514345595106725,1.6425531420886255,23.422865635205977
2356,0.37496970456652323,0.1573620081943672,41.96659257480084,1.8430227055614965,31.930147440139308
2352,0.35425874141291425,0.143896073520533,40.61891964800148,2.2045060990376033,45.53757891155558
2348,0.34692241727862644,0.1400871664814765,40.37996955641158,2.288942888984413,48.57254661543264
2344,0.3539992756327961,0.1439436814900088,40.66214012237747,2.1156642607720064,42.66987128340808
2340,0.35610152956500146,0.14540910947609287,40.83360991280169,2.075686069839521,41.18967732430205
2336,0.3538376165941135,0.1438443439134125,40.652643237311906,2.12132445653899,42.9134956619195
2332,0.3518177426792271,0.14241166537559902,40.478818461820474,2.1623482759069503,44.57873974767355
2328,0.34820805741293426,0.14039358479391545,40.31887884415753,2.238566959118251,47.18876280533064
2324,0.3444785165535489,0.1383762504935206,40.16977658808808,2.3064630288799384,49.62795365698726
2320,0.34059821821205327,0.1364714389411133,40.06815997379864,2.3819241155779567,52.18856495638392
2316,0.3367476231413755,0.13473068276898384,40.009393833915894,2.448298020535097,54.355535200709944
2312,0.3343279123344279,0.1336694030106468,39.98152654299993,2.4850792654249134,55.57023573832062
2308,0.33190892476672335,0.13260677693239495,39.95276024156187,2.5223866549978022,56.80086812633525
2304,0.32893415258280106,0.13128389776468516,39.911908427215586,2.564296328531382,58.0895312297442
2300,0.3270094443406147,0.13037397885532725,39.86856682938156,2.5906993911063143,58.98964448385162
2296,0.3249452334394234,0.12933688865142925,39.8026729865974,2.6182117153897613,59.97852034198241
2292,0.32270915156261887,0.1281701073815553,39.71691126853123,2.6511618239475694,61.250628856837594
2288,0.32030511306893583,0.12689824250710502,39.61792594918523,2.687474366266021,62.66193145155985
2284,0.3178121870970067,0.12558499016555266,39.515473372083115,2.7259503428413927,64.13822785418633
2280,0.31551850041453594,0.12438181704463158,39.42140219391754,2.7630538469227433,65.57733390802935
2276,0.31258462627187916,0.1227942452098003,39.2835203299463,2.8186555911887825,67.63506294419656
2272,0.3102460464847732,0.12161275595442496,39.198809245871786,2.8619966896044002,69.28669830679891
2268,0.30800672709372307,0.12049955617539145,39.12237804427069,2.9033694665195076,70.86150163076023
2264,0.30583625306511164,0.11944837102147018,39.05631520931561,2.9413140884406364,72.29409145319724
2260,0.3036942903961558,0.11843875645488922,38.99933591125176,2.9789541618896207,73.71749788536219
2256,0.3016696956710581,0.11751095467550166,38.953516498931364,3.0162043957447353,75.08747700159755
2252,0.29982568330593656,0.11670117450040192,38.92300793368732,3.0497982309655627,76.29443745384138
2248,0.29746867599030935,0.11563921431290726,38.874417256852425,3.0954922936201594,77.84406267265577
2244,0.2950758211712884,0.11457363369151405,38.828540148332,3.1402830762119267,79.36804255896082
2240,0.2930241171053759,0.11369753792515334,38.80142667037403,3.1787866921910313,80.6361606631646
2236,0.29202920766170787,0.11335257431755824,38.815492198598164,3.1921994953151787,80.98506918547577
2232,0.2918294392693563,0.11340963716467843,38.86161637722993,3.187306281439188,80.69511996256055
2228,0.2918007346979277,0.11355085614334746,38.913834902059236,3.178427382013337,80.26858394927285
2224,0.2921981178588247,0.11394651435432195,38.99632043809916,3.157356534667506,79.40617575293209
2220,0.2934540762292522,0.1147753568355835,39.1118631952206,3.115206629759978,77.77091867594439
2216,0.2952936105794574,0.11598162277817092,39.27671260836938,3.0568904122820237,75.47563111135506
2212,0.29702538253276606,0.11719473804533254,39.45613571675287,2.9998519739270217,73.13717049708521
2208,0.29826724276091704,0.11818772997353445,39.624777055477914,2.9537927657072123,71.13856365134258
2204,0.29907399274970464,0.11895031394782826,39.77287120628303,2.917224188037955,69.4855900522284
2200,0.29950805193831215,0.1195140957912523,39.903466707421906,2.8882375226911967,68.09005091409686
2196,0.29946248011556714,0.11984185006073711,40.01898669058251,2.8679838534953186,66.99895249217839
2192,0.29898053852986284,0.11981052789576448,40.07301896133201,2.8606282960527474,66.47110089586488
2188,0.2981634578658324,0.11956012028903185,40.098850860131726,2.861209344505464,66.2771807916073
2184,0.2970987279911903,0.11914943904116615,40.10432486425833,2.866462128748682,66.30038322065478
2180,0.29584717271030136,0.11863216295211615,40.09913695145662,2.876721805430753,66.54058440684743
2176,0.2944269617169887,0.11802741295091783,40.087161944213875,2.889935248598572,66.90984074117632
2172,0.2928245594555411,0.1173603112439942,40.07871179323425,2.902535364411577,67.26691533478025
2168,0.29083768298055857,0.11646642152446193,40.0451620749046,2.92286777813052,67.88919862803039
2164,0.2887426715709481,0.11546230767209317,39.987961268039484,2.9518958996670976,68.88900288483815
2160,0.28646957295677244,0.1143693795773845,39.92374422069689,2.9830603889262557,69.99468792332566
2156,0.28385406826967663,0.1130735941040417,39.83511485085206,3.023956658597099,71.49494912749542
2152,0.2810542834523176,0.11168091514295707,39.73642165176406,3.0726200138381,73.26436350444962
2148,0.27830816337775555,0.11033837780484917,39.646116184915414,3.1211074431095747,75.03699124117685
2144,0.2751676086726799,0.10878257811739739,39.533206194627915,3.179218504923857,77.0994756577075
2140,0.2723547026184603,0.1074047019680513,39.43559664490676,3.230390706219587,78.93273212721556
2136,0.2706461037879468,0.10666968889687499,39.41297783486714,3.246309707978149,79.39171467765567
2132,0.2707137043207929,0.10694042342459904,39.503143622856925,3.2117907988207572,77.91932555155326
2128,0.2719739214276303,0.10789301713323877,39.67035389528995,3.141016246706177,75.05358358183004
2124,0.27306568205163684,0.1087599604270232,39.82923068540581,3.0752766856840648,72.37864129891149
2120,0.27344248914888375,0.1092081436050194,39.93824951818583,3.0301447631314504,70.52175134351171
2116,0.27305929445337873,0.10923167311908116,40.00291341034393,2.9980470012075537,69.19540288217148
2112,0.2722987219865052,0.10893005030293332,40.003878647778514,2.988695567184155,68.72021810829766
2108,0.2712823225985384,0.10839667441219668,39.95714625777857,2.988852207568523,68.59386117751511
2104,0.270079410013635,0.10771125393215773,39.88132746836196,2.995149547648723,68.67568780348884
2100,0.2687405344767044,0.10693033528029601,39.789433137994,3.0055973512925744,68.94436446987571
2096,0.2673062893725898,0.10611817414681252,39.699093648671216,3.0181331336027255,69.31991596427056
2092,0.2658327844801281,0.10530630588452453,39.613739174596255,3.034098326807713,69.9047596342266
2088,0.26398849094894383,0.10431204096484323,39.51385933147271,3.0567380948392455,70.70936600795879
2084,0.2623596674848733,0.10349490126504449,39.44771780556233,3.07821120200701,71.51348279727593
2080,0.2606039125188707,0.10261721667350762,39.37669840857702,3.104365844170387,72.52708318534695
2076,0.2586861487107018,0.10168135523077827,39.30684179943947,3.1329501787007,73.60289751642834
2072,0.2565452496366203,0.10063534400449366,39.22713211296529,3.1645638239503175,74.75431613090302
2068,0.25410410079066975,0.0994415463501849,39.134176127328445,3.2012578739011284,76.08890875889956
2064,0.2511263003823806,0.09798930938668247,39.019931101393134,3.251385437205371,77.82248239235255
2060,0.24728302429276203,0.09614423978865798,38.880242614159954,3.3233416885043527,80.12679081484858
2056,0.2432030897673841,0.09426313004323278,38.75901828936154,3.404910093321975,82.83199660413943
2052,0.2382505942546601,0.09203109854105225,38.62785687018371,3.510884578092587,86.28516790531945
2048,0.23205265731616778,0.08940848783789665,38.52939624650758,3.64661271443056,90.5625107635416
2044,0.224353129460006,0.08635908583837838,38.492481048174135,3.815429812922631,95.67962749579772
2040,0.21532246062548802,0.0831178006525895,38.60154691300733,4.0018893969777585,100.86529974879959
2036,0.20519047652361597,0.07985943842715149,38.91966127285651,4.184849462460152,104.92260663194772
2032,0.19785500240070075,0.07773987790661846,39.29133808261152,4.285143644308442,106.77232717324645
2028,0.1933261039749725,0.07654559481778649,39.5940295924527,4.3245993688354405,107.18071411046512
2024,0.19023441307892686,0.0757452223140987,39.81678240449196,4.340778996566492,107.08750343003622
2020,0.18698753459165082,0.07490801017068151,40.06042987532187,4.354138185252871,106.83017601652213
2016,0.1822392737106217,0.07375885720801957,40.473634308453995,4.37726712744131,106.4121461968366
2012,0.17611276794974473,0.0723491174542452,41.08113130950882,4.403720958104587,105.53888091043672
2008,0.16905884209350286,0.07077771801096976,41.865729786451574,4.420229760875965,103.44586269958944
2004,0.1651203890761838,0.069957547586132,42.36760098345865,4.4147678031892905,101.9438286847453
2000,0.16260195002086297,0.06939433447097222,42.677430659391504,4.410586243458418,101.00523524399574
1996,0.16099591048499348,0.06898430292477356,42.848481503015336,4.406478257932475,100.42170586659401
1992,0.16029698063337672,0.0687226447832816,42.87207688612715,4.402885043145003,100.20082182286286
1988,0.15997356546188807,0.06855351921993741,42.85302951272254,4.405448352022969,100.22202211835459
1984,0.15953151751937128,0.06835571353075089,42.84777992063589,4.408292812596817,100.26588549232403
1980,0.15880866227562318,0.06803738444305771,42.84236355128678,4.415346587189569,100.45753882915587
1976,0.15835005459327262,0.06780712056037354,42.82102758634242,4.423520582608209,100.75474455324112
1972,0.15844444175757333,0.06770059331471395,42.728285425309345,4.430063495990694,101.08062017501565
1968,0.15944437342084294,0.06772149498238182,42.47343040675094,4.437949172051187,101.86268018608384
1964,0.16079035646603265,0.06774024101853775,42.12954216122286,4.456433906659595,103.33279531022058
1960,0.16172419443167482,0.06772943286256256,41.87959204284481,4.4641647644148135,104.18501496469155
1956,0.16183198867332066,0.06776253342867083,41.87215023690928,4.444662392486609,103.208501956038
1952,0.16088782054511963,0.06754582856496334,41.983183273976096,4.436981412218423,102.25753906053153
1948,0.16003375014894386,0.06726362459072475,42.0308994372264,4.440300387756574,102.05721209443973
1944,0.15971018790403443,0.0670419557325054,41.97725681268944,4.443451609174797,102.16026938997489
1940,0.15939173653971367,0.06686129732532012,41.947781470252764,4.456321680485619,102.40266747138413
1936,0.15891942803906298,0.06662482986099823,41.92365318897423,4.467916473152106,102.60616417164162
1932,0.15848367611550704,0.06637619374201759,41.88203818142184,4.478641555946968,102.81994165929164
1928,0.15785823156366005,0.06602871901386642,41.8278593139052,4.494733924840299,103.08874003993989
1924,0.15667199145948546,0.06553155447156019,41.827230164816214,4.516304596251377,103.44856244172347
1920,0.15403240035661228,0.06478925858684513,42.06209760858528,4.5451592805776,103.39388489366074
1916,0.14922463685407947,0.06367644118227198,42.67153368551234,4.590165123182122,102.97619049710053
1912,0.14298232241878064,0.062389888445638635,43.634686715260514,4.615553097729516,101.36682361029432
1908,0.13599033912671937,0.0610928733827831,44.92442167223008,4.615517492163788,98.68445597363932
1904,0.12946474535038544,0.0599601133398664,46.3138541520237,4.598745693019399,95.52173342266704
1900,0.12267218938920814,0.05881521699376857,47.945029176223976,4.562742604180982,91.22483166304679
1896,0.11801563331404546,0.05802999777594347,49.17144970236508,4.526140192491073,88.33108098521963
1892,0.11409214111917108,0.057352434075650334,50.268522891287304,4.4918792122578575,85.78634181382542
1888,0.11095694612209432,0.05676060463826421,51.155521688390934,4.472112920930217,84.03466088573421
1884,0.10852811911174293,0.05622913439728641,51.81065963134556,4.466981324995418,82.9742646013442
1880,0.10658923896470117,0.05574933980831556,52.302971997743505,4.464888138291011,82.24122759815248
1876,0.10497760448581439,0.05529634427134045,52.67441997956111,4.467184512069812,81.79336823521014
1872,0.10363872838248073,0.05481362341757571,52.889131575683734,4.467752204235454,81.40327493475985
1868,0.10351153760684752,0.05447356221960676,52.62559467187666,4.494140571556694,82.45837456332563
1864,0.10442657805822404,0.05418294724599366,51.88616562326062,4.570161992169855,85.43532562897468
1860,0.10713884429398338,0.05406868298012841,50.465994230595555,4.672409690988825,90.15585840718282
1856,0.11162581876452096,0.05417114728322734,48.52922727268276,4.79572753105533,96.45776927663867
1852,0.11719039795521075,0.054426456518570324,46.4427610693597,4.918002799817361,103.40806364296819
1848,0.12343992518368206,0.054814218840688114,44.40558333061448,4.988676302852489,109.84604912902027
1844,0.127619349051817,0.05515462542143424,43.218074556264924,4.9986244391188235,112.46740580050069
1840,0.1294427590046251,0.05519257066333968,42.63859260089443,5.021462386877845,113.99653013411444
1836,0.12960886249240164,0.05495166628299286,42.39807774427032,5.033489922793288,114.72528965047191
1832,0.12830597051278408,0.05443864707440316,42.42877151923263,5.045565436581797,114.99889377108688
1828,0.1255762700815497,0.053661861749636414,42.73248577520912,5.082086033783905,115.49902184150774
1824,0.12209020533651017,0.05269874157317452,43.163775036600214,5.139699471286143,116.12052496672537
1820,0.117621017664531,0.051330381263552625,43.64048388864729,5.236509667290155,116.84793425651304
1816,0.11423220374515966,0.05019123682254727,43.937904703754796,5.3133143123006485,117.99887552161094
1812,0.11062859086955652,0.04895227237983352,44.24920537725525,5.399533796459783,119.38587103887173
1808,0.10656514488555412,0.04765000046949633,44.71443314854041,5.495219775305214,121.135440129594
1804,0.10242045070926019,0.04657884571674826,45.478071414634876,5.528524652263259,121.72364013677252
1800,0.09844205296458104,0.04580320512509963,46.52808809420035,5.4711128794666894,120.50527222222294
1796,0.09588684862408649,0.04507888621752823,47.01258500449305,5.469617193762752,120.31094917219207
1792,0.09499107995853438,0.043975465991705584,46.29431101415186,5.604466789152212,122.8835508969575
1788,0.09537246965552108,0.04338576827053208,45.49087218485434,5.692444273204733,123.32980788335998
1784,0.09606383760784863,0.04318744733365581,44.957029001855425,5.6568554391385115,120.75414827768242
1780,0.09679385720878968,0.04318131677439866,44.61162931161446,5.571948567316773,116.99461258379863
1776,0.09787225379603565,0.04326915290253981,44.20982579262157,5.481130812686876,113.62559282225762
1772,0.10007682512904195,0.04371600191712089,43.682442824052636,5.307801164913136,108.83405578077729
1768,0.10207693417879668,0.0444978815097087,43.59249410034863,5.082680796191794,102.47138450014249
1764,0.10372591086545199,0.04539923514600691,43.76846129111993,4.790327106355447,94.81267843354546
1760,0.10439844855166683,0.04610151643213448,44.15919687668426,4.5448624942462095,88.29539894477642
1756,0.10378479464494947,0.046395394766676715,44.703460584372294,4.387522866404718,83.90486093302323
1752,0.10248799420070077,0.04635222767376057,45.22698296055015,4.274107313444918,81.04584777070168
1748,0.1002065602540194,0.04603059406171227,45.93570914421836,4.216833913956991,79.55648034466626
1744,0.09730705686312943,0.045532687736430676,46.79279098994458,4.230540840651635,79.181885494215
1740,0.09388797630115125,0.04485165169197938,47.771454300085296,4.276016948905762,79.32609684563451
1736,0.09136108053408751,0.04418967219190235,48.36815844731045,4.317522612220928,80.21262785414025
1732,0.08800236938824706,0.04316245552993171,49.04692433848965,4.429768516207971,82.95039029475763
1728,0.08469780507290019,0.04217788491168802,49.798084939019525,4.571193531505852,85.75194725586113
1724,0.08162828444733207,0.04116818798468171,50.433729268491625,4.697518686470578,88.74197747843156
1720,0.07893847871444588,0.04016516680703362,50.88160737468497,4.820731282451477,92.19949772338668
1716,0.07566454746471118,0.0387836203240477,51.257321458422524,5.0190537553046015,98.54135805883152
1712,0.07092839098906797,0.03720521873826834,52.45462108960387,5.3495326574579956,105.7515958943494
1708,0.06784890073612974,0.03605187012653553,53.13552575707067,5.570045019624817,111.80554350492976
1704,0.06446466024408849,0.034711826782220456,53.84628826210805,5.838679494848944,119.93700141220997
1700,0.06111631046160776,0.03332221503964059,54.52262217394986,6.1354189223530895,129.2491264224186
1696,0.05693021938660526,0.03165416236560706,55.60168695407269,6.594719765388067,144.0208113057068
1692,0.05318088768931825,0.030340781842919065,57.05204098917894,7.017274564611697,156.66638933621013
1688,0.05051850184360796,0.029342780895313808,58.08323648660716,7.348810953061136,167.84516531837167
1684,0.04788813931494644,0.02828966150059894,59.074463750921744,7.652983482309629,178.90602293178804
1680,0.04603686717391131,0.027676757000017926,60.11868030781665,7.894690429760516,187.8667022905239
1676,0.045103661939693666,0.027469776607575293,60.90365044927849,7.927466045252511,189.56461393947959
1672,0.04431983171774952,0.02730504580265921,61.609091786609596,7.9086714474165225,190.06157704898519
1668,0.04340900150421463,0.027144095575616093,62.531029590672894,7.8819685473381345,189.42781407720128
1664,0.04245594101193313,0.02696117307758886,63.50388764204015,7.912826403127565,189.98951326163223
1660,0.04138272075883472,0.026657573021759737,64.41715898070491,7.973883574369618,191.64865069070876
1656,0.040512768634037445,0.026355095711156462,65.05380056650537,8.09528260182577,195.5186937416206
1652,0.0396730332119131,0.025959782471728993,65.43432747646261,8.163834526093959,198.03279232168296
1648,0.03877874143704075,0.025626848760863685,66.08478720865702,8.381911858171463,205.03115814137163
1644,0.03772429042092301,0.025196641269177006,66.7915578743456,8.593263738540193,210.78646693440336
1640,0.03692133369338272,0.024812202455401656,67.202887797763,8.857032682101265,218.93622641398582
1636,0.03643645222520773,0.024399360611120958,66.96415024248935,9.09355722315443,226.91482713733447
1632,0.03561850366753429,0.023879157404379237,67.04143898707547,9.431512629165546,236.4103041014617
1628,0.035321212511823005,0.02355220547558366,66.68005937706717,9.711861470041972,245.42473960893224
1624,0.03523397878844729,0.023298697374764647,66.12564965953817,9.918137104406462,251.8388254751508
1620,0.03527636826318951,0.023239947386137293,65.8796484171754,10.012624960362443,253.44475587241078
1616,0.035762988223585944,0.023432733932840105,65.52230419432918,9.908937213648418,248.02252544620734
1612,0.03634156362594854,0.023789921607631215,65.46201988580583,9.717007546683078,239.06413696070973
1608,0.03735437666989689,0.02431599563727242,65.09543942375076,9.407726496122278,226.4612221580195
1604,0.03891301611935128,0.02506138570576876,64.4036063123512,8.977027396497794,210.63669351213272
1600,0.04028288135499049,0.025765227014467425,63.960735051231566,8.623540825731585,197.4398336566511
1596,0.04186568056107719,0.026546124415724404,63.40784160189795,8.301236351218964,186.30007630892362
1592,0.043593249849094,0.027417800377038632,62.894600590573916,7.9694919113152975,175.18142310769917
1588,0.04535896119633597,0.02832081665744204,62.43709271659809,7.622319276928328,163.56940532898423
1584,0.04727887135667234,0.02931484681186452,62.004117210652055,7.218304351154876,149.94267226944342
1580,0.04922164024282711,0.03034187057956922,61.64335530039723,6.813372357983003,136.25348237768657
1576,0.05212242618842727,0.0319586759157894,61.31463604601962,6.212174280553365,116.60932805796392
1572,0.053751554728201034,0.03298895760087627,61.373029613166594,5.910576616977112,106.25256425449388
1568,0.05550050518938832,0.03381918247367502,60.934909255819235,5.645039906091226,98.32769894478504
1564,0.05678651179305236,0.034333272188121156,60.460259142597515,5.471625060477076,93.48365620681763
1560,0.05823671017463209,0.034719960635670157,59.6186847291971,5.304341196049622,89.5851998541065
1556,0.058932471546681346,0.03489102749358647,59.20509793306179,5.182194420799206,85.81699754893602
1552,0.058400643227970776,0.034592082603550324,59.232365760969174,5.247737753798751,87.02519898940443
1548,0.05752961477321052,0.0339040653727353,58.93323900462342,5.40266635918074,90.87251199594992
1544,0.05680921901805985,0.033197993861580725,58.43768746587937,5.553869540505675,95.41544126180516
1540,0.05539094734529983,0.0322094033783819,58.14921918123686,5.756812458307455,101.24944477882104
1536,0.05300088692659926,0.031256331910462586,58.973224266509675,6.015721786326274,107.69776422146217
1532,0.050972675532305535,0.030391948637735977,59.624001134635606,6.2351530194925395,113.7889843978629
1528,0.04959382216311942,0.02976197939706101,60.01146533770003,6.389960635276959,118.35593828059703
1524,0.0490060951877265,0.029264183930436248,59.71539625496507,6.5072484378151,122.6644442983971
1520,0.048738174936129745,0.028913477331224045,59.32408706135281,6.629117133170954,127.291993430849
1516,0.04832827528929822,0.02859947727173785,59.17752516624755,6.809044795646862,133.3776230068471
1512,0.04807733922724998,0.028346990472241783,58.961229818173585,6.9636545424155605,138.71144399431742
1508,0.04830017134580038,0.02808127304109002,58.13907540833526,7.0724884907423595,143.2911994377995
1504,0.04775034388985885,0.027706354879024786,58.023361973962714,7.172152195341111,145.44993619061287
1500,0.047047760107718495,0.027368235313709435,58.17117595194398,7.288877298849665,148.68335295731686
1496,0.046068086236540184,0.026881514606380396,58.351706794059474,7.369564447680182,150.38044933899033
1492,0.04546864768549404,0.026621148727876905,58.54836262563822,7.437903737197762,152.38644461682912
1488,0.045019013698908796,0.026378601359784516,58.59435645615644,7.498690999582334,154.0482604681705
1484,0.04444141981025127,0.026197943178929633,58.949383909842076,7.558051732519459,154.91052204519661
1480,0.04400302459147062,0.026027394456538656,59.14910326774153,7.585676957921958,155.19526242925932
1476,0.04364191310701772,0.025856066608866482,59.24595135291805,7.58802538629961,155.1940048532519
1472,0.0430346385580939,0.02560895582867296,59.507774868615606,7.574237131563209,154.7423421651493
1468,0.04192200390757834,0.02534714923514047,60.462637451733094,7.597400785517393,154.0061997294921
1464,0.04132873451434578,0.025125191824864453,60.79351840822309,7.642826130298948,155.29440149563848
1460,0.04092171091498648,0.02492489995642851,60.90874354742688,7.704185765611466,157.42667763872464
1456,0.040470916343597965,0.0246027943481462,60.791295505316825,7.696828611085184,157.4479603840071
1452,0.039761156311802985,0.02433698376540641,61.207937652914914,7.721069075484141,157.121798429615
1448,0.039245272781799984,0.024064276213103288,61.31764288376436,7.7282950174255465,156.8010105415787
1444,0.03861445868483332,0.023786439407847904,61.599826122101135,7.724733959607104,156.04835876565033
1440,0.03792482059811793,0.0235807359875321,62.17758084451512,7.703977427877038,154.5646116149298
1436,0.03737151400977075,0.023450682164751355,62.75015285337435,7.621984727587854,151.7675060311147
1432,0.03680613901926119,0.023412785162216856,63.61108713403654,7.548150047228796,148.74548912362084
1428,0.036393883389568525,0.023449457452259456,64.43241354941722,7.420299499129391,143.94503693355222
1424,0.03606433142234458,0.02345082992346604,65.02499560808849,7.3170118257574694,140.2828030856709
1420,0.03576325925992591,0.023297544741586573,65.14379624144702,7.284261362351662,139.46235272943267
1416,0.03531590516123736,0.023047201793538676,65.26011916816229,7.2868219439647355,139.23743711620725
1412,0.035126916868335176,0.02302995638244255,65.56213421395569,7.264379492887472,137.93437966412444
1408,0.03493523393152467,0.02299319736097147,65.81664060426682,7.2589957668612355,137.23771687752833
1404,0.03443690132551808,0.02275713316168798,66.08356816594507,7.398390432834152,141.039548334741
1400,0.0339633378271899,0.022642070088974064,66.66620991193506,7.45925832425677,142.51119626361742
1396,0.033822382673040344,0.022834923061603094,67.51423541726024,7.265966163748814,136.3556326076004
1392,0.03383381901467614,0.023277803094926768,68.80040082034347,6.935656128945797,125.77147435703927
1388,0.034016106453338676,0.024049475848724463,70.70026042432028,6.477765542223812,111.44348894326966
1384,0.034110293877064775,0.024843401242983846,72.832562898815,6.0598305330979505,98.22153383404309
1380,0.03408944211979177,0.02549889530765276,74.79997829840848,5.736685552933251,88.67460904548261
1376,0.034112014158794675,0.02619302173368258,76.78532733878325,5.443820099463446,79.9991511276731
1372,0.034233365560636705,0.027045973033822827,79.00471540233744,5.1262823954308505,70.51861933224791
1368,0.03445897563173491,0.027964585226400628,81.15326910834433,4.845235386627355,62.18153386281402
1364,0.034775828123295625,0.028878214972285477,83.04105618965993,4.606874282659044,55.26310668852197
1360,0.03522057402008209,0.030153040646723424,85.61200799717443,4.314289893647598,46.90874275348596
1356,0.03546343353350686,0.030932118152938684,87.2225700416547,4.177608498822331,42.79809965182571
1352,0.03559318516626289,0.0314799277638967,88.4436939735729,4.092072091583774,40.10483798776339
1348,0.035569636687115824,0.03178354980358602,89.35584606378278,4.046661575133747,38.48328623495389
1344,0.03549552047472219,0.03200409966033313,90.16377061754753,4.014368150710038,37.19806749505976
1340,0.035512295722755036,0.03226553268990205,90.85735527153608,3.978182396886841,35.83320844091432
1336,0.03556160679679647,0.03250933139986909,91.41693620772405,3.9494543787448597,34.585378398332075
1332,0.03571540530465512,0.0327481478267696,91.691939507407,3.925335562574913,33.49267076197366
1328,0.03585659577473221,0.03291109194979664,91.78532216655316,3.9151560040157194,32.81935465587352
1324,0.03587378348793673,0.03294287941318877,91.82995550013972,3.9246865954790287,32.60529881348403
1320,0.0358504185347282,0.032900170992525526,91.77067475699126,3.9428197891987384,32.611160455613316
1316,0.03591353199903894,0.0328958113583388,91.59726021717692,3.9592795441390005,32.52873771905244
1312,0.036202032725498046,0.033017957944706196,91.20470719162347,3.969406843738391,32.23846399220049
1308,0.03680802468671539,0.03323719289511327,90.2987682115664,3.9756819268274715,31.780025700975735
1304,0.037334670863289614,0.03339830671236744,89.45654519002947,3.990626803135425,31.514414171979382
1300,0.03773988604887376,0.03349162385816086,88.74330943868954,4.013373893913913,31.41543872343059
1296,0.038155272918990894,0.03353352928848297,87.88701199878574,4.043980118953871,31.55547663762104
1292,0.038608757117769545,0.033470864966464814,86.69241764081539,4.087935507685612,32.09914163547816
1288,0.03893506594259686,0.03322460442440171,85.3333713968425,4.147946012881335,33.164151552486146
1284,0.039104699957433174,0.03290014621393154,84.13348331465141,4.218596514500188,34.524594856934826
1280,0.039660935418139955,0.032730173574372745,82.5249662654269,4.280855210719634,35.88177101439586
1276,0.0407184991103614,0.032861761263689525,80.7047459549593,4.307002132631384,36.65524560985721
1272,0.042311879343617985,0.03301684484768032,78.03209254674796,4.326775981044011,37.8118964407389
1268,0.04444428061655822,0.03329250703924921,74.90841696028197,4.32825182212301,39.11483047151256
1264,0.04723918990595655,0.033922911410094125,71.81095077546338,4.2659750397942275,39.63913934986
1260,0.050720244379637604,0.03498981621031717,68.98589830999387,4.1146465689043925,38.983207539312936
1256,0.054494670857002714,0.036277011659924224,66.56983350742182,3.904846659148176,37.638753583053166
1252,0.05951944558402242,0.037997662874564304,63.840754062340444,3.561879258490438,35.48170939345339
1248,0.06375135402558814,0.03961470535255573,62.139394461575534,3.261138249097523,33.142513872277206
1244,0.06875783809780758,0.04183506818987552,60.844071522966445,2.919458222996865,29.923166730003892
1240,0.074955666519992,0.04503595301608076,60.08345346921686,2.5555247821480287,25.848835682002775
1236,0.08246205115697267,0.04933405772571598,59.82637714383907,2.2094742570461947,21.5314897859627
1232,0.09099084972509759,0.054568282753378695,59.97117613280996,1.927660905363621,17.757988695710246
1228,0.09993539960648713,0.06028368171728208,60.32265038680935,1.7276586921724824,14.94968134778421
1224,0.10815329981960156,0.06537877095520259,60.45009358406411,1.6082988778671474,13.48605977756609
1220,0.11133620968713585,0.06690363495123017,60.0915327899477,1.5785713101256895,13.419430307957295
1216,0.11153747280210231,0.06633913517017619,59.47699325040274,1.590257693736985,14.047429403722763
1212,0.1099269599928121,0.06467398062585387,58.8335933515152,1.6258020180463284,14.991387892182292
1208,0.10749365386903596,0.06269803615155972,58.32719783434599,1.6727395975775954,15.978230792122435
1204,0.10498857037036739,0.06093592565106283,58.04053282762078,1.7186368760935635,16.776556528238437
1200,0.10249520725618179,0.05944225039992808,57.995151179464486,1.7626435571641907,17.290774121145972
1196,0.10087140498464311,0.05869822884127852,58.19114827459265,1.790089176984959,17.443612799011113
1192,0.09968556936400039,0.05833510453316279,58.519106532012685,1.8114472246461657,17.385230857440092
1188,0.0988002823652017,0.05821741062745216,58.9243362810032,1.826403268991516,17.15141166529587
1184,0.09815600196317949,0.05830095331567237,59.39621841723175,1.8350316326779033,16.803865946476485
1180,0.09770761230897987,0.05847792037082234,59.84991239566694,1.83507614799654,16.37439084516533
1176,0.09720382470934028,0.05846187729169518,60.14359770976954,1.8296704515677695,16.020548054124117
1172,0.09577593287830613,0.057627100096838114,60.16866488793139,1.837695648863466,16.078816301702137
1168,0.0926584193453599,0.05529673825263897,59.678050460298614,1.891401139047425,17.39750555612441
1164,0.08538157219315248,0.04971450258275552,58.22626745533572,2.0663806657942074,21.86271011798474
1160,0.07685784071494645,0.04337152843128558,56.4308443066254,2.378021013891233,29.830505515645818
1156,0.07935504326805487,0.045355356527996125,57.15497674771524,2.2424685673124376,25.94708274601182
1152,0.08738116358316146,0.051559876206130506,59.00571026049624,1.970301447630409,18.751974867007853
1148,0.0918421557974372,0.05498676531303488,59.870943615817495,1.870259670248063,16.1316010532266
1144,0.09442637501205327,0.056903102457287046,60.26187328489897,1.8276194532347616,14.949130944931532
1140,0.09563529646553208,0.05782716240904548,60.46633883744688,1.8134024007809924,14.402420760094717
1136,0.09644757513534888,0.058510324966586605,60.66541837311787,1.813390443232909,14.11963726661724
1132,0.09685544861077185,0.05902192706024514,60.93815877869051,1.8250148054134774,13.990491905632584
1128,0.09671831585774351,0.05930257284606454,61.31472857042788,1.8475643071990269,14.04590865482383
1124,0.09597005610575633,0.059345834590587794,61.83786589140923,1.8827158683752936,14.310981829868044
1120,0.09476722880234259,0.0592805745206727,62.553875711945814,1.923025486006572,14.664248261317812
1116,0.09375525624174591,0.05931321194607701,63.26387908656468,1.9586660251799182,15.017991713985374
1112,0.09388889261723897,0.05956115051775187,63.4379092749208,1.962296494575193,15.119723137024994
1108,0.09493229958528382,0.05987973783839872,63.07625339319299,1.9527356291703675,15.186508169778993
1104,0.09631145022532787,0.06020389963283258,62.50959724101448,1.941855020577168,15.289875584366246
1100,0.09784559558420262,0.0606119840169859,61.94656351682715,1.9295501873610497,15.374829037680037
1096,0.0995261433792772,0.061157365371160274,61.44854336221988,1.919730591080247,15.485143467192977
1092,0.1014395026795475,0.06184980416977752,60.972109026563515,1.913737365226113,15.65072153516963
1088,0.10293825341315446,0.06238921243455428,60.60838450808762,1.9167687579568269,15.813288356415537
1084,0.1042935363129843,0.06288937787130609,60.30036001711117,1.9262904890984964,15.970737926999291
1080,0.10532737303043349,0.06317257447771565,59.97735693974106,1.9450004955378655,16.197004319070427
1076,0.10547536979827811,0.06280245555044663,59.54229472772313,1.9796056661017523,16.709813258873723
1072,0.10340267230453501,0.060617326545400176,58.622591848374924,2.0543277071259807,18.23079141282463
1068,0.09832767056408048,0.05594740175436211,56.8989394678083,2.216762137124212,22.097379071089136
1064,0.0895472850169186,0.04836402615231967,54.00948352949173,2.6352179285508623,32.59845161172457
1060,0.0838094637501852,0.04384808397936762,52.318774058819486,3.105020567457466,44.60661857345155
1056,0.0798041878023626,0.040975552377812134,51.34511547099419,3.571723587783653,56.68138564472562
1052,0.07703705629140055,0.03921355553031562,50.902198783383334,3.959125802131665,66.69917831176396
1048,0.07484188104342777,0.03799412227601795,50.76585695911554,4.276322994059662,74.84100828756823
1044,0.0727745335380919,0.03695614444530185,50.78169882869552,4.562500163937034,82.21024820877135
1040,0.07099654879359296,0.036154444885661885,50.92422871254358,4.8037512221716385,88.54569845482608
1036,0.06873698513861248,0.03509837552823303,51.06184895577677,5.114584679639251,96.96720774374037
1032,0.06661794622929224,0.03413868370565797,51.245476088614424,5.330252552516732,102.9755024558794
1028,0.06440597748847733,0.033142003050128856,51.457961423003304,5.4533220323985,106.45489136815743
1024,0.06253325464112523,0.03231087343006892,51.669905261607084,5.497995823914012,107.82885608977892
1020,0.06131464267632396,0.03175140394759089,51.784374109793816,5.538217869092155,109.2081144372752
1016,0.06071926039217139,0.031387117366607785,51.692193158951206,5.621942862858435,111.82126298472552
1012,0.06034008053312644,0.03102822336658945,51.42224387578517,5.752354957537247,115.66190953374557
1008,0.05964006117669436,0.03043058497881041,51.0237319989568,5.9215552457553455,120.89541348360153
1004,0.058719104320612656,0.029768605003036307,50.69662650250335,6.051153153746661,125.90957741242633
1000,0.057684425807528285,0.029098749128963604,50.44472354818167,6.177273944919558,131.59749438959486
996,0.0567799846515367,0.028562083306467544,50.303083880271075,6.303010455213071,137.4183084153847
992,0.05606869156596255,0.028193117558332283,50.283173676639514,6.412779121404006,142.54008609803833
988,0.05553375805618179,0.027958983944205165,50.34592457423811,6.503059233720955,146.82793260281647
984,0.05502662280556613,0.027766288644964367,50.459736086430716,6.607175579253602,151.51387160896175
980,0.05466277060414455,0.02767907086425309,50.636055506038424,6.6728438211854,154.51660230679752
976,0.05431793152081289,0.027629608440512068,50.86645913592142,6.716675082772866,156.6178207336494
972,0.053995692355831404,0.02762992111368028,51.17060252065888,6.7355058972867505,157.74312668605324
968,0.05371604220130143,0.027689635059196797,51.54816685009964,6.720698663484354,157.62621646171615
964,0.053458778112423666,0.027800893100616782,52.00435565914279,6.677778159449454,156.49060788503945
960,0.05312309812435679,0.02789856249729834,52.51682127422257,6.629646637780784,155.11247764315158
956,0.052536700651516666,0.027913229135634578,53.13091379831207,6.609575376389224,154.70029382976585
952,0.051983849828711584,0.027930920841912073,53.72999678543496,6.5760482959509785,153.61712984994733
948,0.051235070450455514,0.0278367020605467,54.33134338609895,6.587298277492098,153.92018646067086
944,0.0504820360175393,0.027733438360416602,54.93724213258949,6.608461662958363,154.25465571263126
940,0.04987580075657223,0.027681244814118294,55.50035166196441,6.6175012171545475,153.9285372110122
936,0.04941912527516267,0.027668364886059494,55.98716029877851,6.607248457190161,152.90125724434202
932,0.04899067825005507,0.027632370544756594,56.40332310509608,6.604516350752753,152.32705887947685
928,0.04831000199583541,0.027481774905892337,56.88630463782928,6.641848003985126,153.15748742982697
924,0.04771675678576434,0.027290136133001817,57.19193417844246,6.715783165279551,155.228971806548
920,0.047174114243708085,0.027022235498699154,57.281913888406045,6.851786136506903,159.3461271470063
916,0.0468658917984583,0.02672290029690143,57.01993341302535,7.042009599757045,165.4648860491351
912,0.047114847657222944,0.02657547366662445,56.405729802991935,7.22688698526504,172.04327969621622
908,0.04799504189610571,0.026741555148192833,55.717328481721,7.320890978618554,176.33054680311145
904,0.049136393627590355,0.02710662960898128,55.166095042353206,7.34038591877513,178.30742688322394
900,0.050349324848213035,0.027597510604362486,54.81207680055308,7.352082471133606,179.5604663113605
896,0.05107739603806188,0.027895379382407198,54.61394187287877,7.345197347274015,180.1740514061224
892,0.05136375260324357,0.027870858815753043,54.26172622362686,7.307992486879249,181.93397773984836
888,0.051176866482350584,0.027619525002734468,53.96876929199962,7.376167929996237,187.85813282688872
884,0.05039638129986985,0.027249519161102013,54.07038850460556,7.556616546773213,195.9691617429129
880,0.049459387536590245,0.02693950042706643,54.46792159958811,7.682845779130924,200.8282569807079
876,0.048582655930543596,0.026563160420873786,54.6762211988779,7.797672358913986,204.59414168008567
872,0.04868608651182301,0.026267294694076352,53.95236416814393,7.866980827466643,206.82160635963535
868,0.04912253853853239,0.026173504283083175,53.28206778758455,7.793191546177638,203.16198308132354
864,0.04907457748389228,0.026159388495688145,53.305376911853045,7.713357863160723,198.4249008450585
860,0.04858623240999099,0.025980956520355484,53.473906560848924,7.751238420934825,198.35677476536702
856,0.047597350565602166,0.02548109496711448,53.53469187742827,7.949584189144033,205.75516976718842
852,0.046052174409830816,0.024713995058553807,53.66520772421569,8.329576453619614,220.24658841946933
848,0.04372592023377715,0.02381370116806245,54.46129215976334,8.862056776740804,235.992383570216
844,0.041932124660506546,0.023124060947232454,55.146408951253726,9.178703404562434,245.6179522507756
840,0.039650957282230455,0.022215241281864306,56.0269986011663,9.664882973631507,261.54354566854227
836,0.037183714726999696,0.021195125158350984,57.00109661975451,10.2817655247601,282.42544206192684
832,0.03469200571538693,0.020137536980379674,58.04662072751845,10.980107068969048,305.7874760812024
828,0.03215298326178796,0.01909566510074234,59.390025943367064,11.679668423324227,328.441017960789
824,0.029602290212013212,0.01813478685920789,61.26143190045621,12.264703354976534,346.16677104202404
820,0.02617434456057663,0.016968334271919638,64.82811530446904,12.664708356636622,350.7776458516426
816,0.023652227313825207,0.016160548974230315,68.32569617992867,12.803324111024677,349.1771080284071
812,0.022655777132225444,0.0155235885781763,68.51933830199822,12.942595366889456,350.56736943084525
808,0.025766695341455603,0.015691908985431217,60.89996709894252,11.911818256761498,316.0292220664671
804,0.031214574210751828,0.017750026309277946,56.864547276649915,8.370501057903747,194.42361545977155
800,0.03424826661549705,0.019053850720841533,55.63449658564568,6.89116366506676,146.93020997733638
796,0.0341417111103614,0.018621869153573688,54.54287013729163,7.185555782085298,157.08399857481206
792,0.032209864607948745,0.01754628877294481,54.47489142383647,8.124696093762731,186.27797356443747
788,0.03362301019967965,0.018569851919965793,55.229593690997724,7.134542387752571,153.1696949605746
784,0.03725771648893784,0.020812712134182274,55.86148077636953,5.585274105408069,105.69541580698655
780,0.039315786005486034,0.021743121044525447,55.303793345226424,5.125288284979171,93.63529528977197
776,0.03842565146671338,0.02089444050812423,54.37628175601461,5.654759359835473,110.44598059416641
772,0.03656470017629393,0.019880748181458074,54.37142403904463,6.411313482115463,133.3438055656426
768,0.03577568369396336,0.019730421201380733,55.150367971052816,6.61045925957534,138.75050246678776
764,0.035863538070617686,0.02012767589054689,56.12295097855142,6.357946959439357,130.06039665040782
760,0.03601204005315848,0.020636268024785562,57.30380171277088,6.04041324688472,119.20174614804017
756,0.036004565973230554,0.021063871425108356,58.503333829296466,5.790154485438788,110.35766756993439
752,0.03588851356093703,0.02133386379065309,59.44482418986002,5.610511796506778,103.76239488330837
748,0.03573578343924316,0.02143714370971847,59.98789349662703,5.496719791868258,99.48836380251657
744,0.03551766547856642,0.021394234477185997,60.23547490782191,5.4610181151235455,97.84269088140721
740,0.035048250076504146,0.021225502152191447,60.56080433647877,5.490297910543807,98.0658061034529
736,0.03457814004462909,0.021072403956979353,60.94140381692525,5.507714815703429,98.03750935464541
732,0.03398999557503254,0.020856251348683158,61.359970767407766,5.533001125029627,98.13506787986282
728,0.03337738757863651,0.020554751139802454,61.58286382172913,5.635507914835895,100.76672568229787
724,0.03270724179413355,0.020212091416377257,61.7969914540533,5.8354734140835856,106.57206496464153
720,0.03175386023167484,0.0197846528834338,62.30629201957116,6.136321274264068,115.66256903005683
716,0.03032618550964061,0.01914573558581035,63.13268637008097,6.6145696863654635,130.81291846319314
712,0.028332896575372912,0.017906164973321318,63.199203532495304,7.595706664720404,161.6453657773433
708,0.026435185015176697,0.01667516800806305,63.07944505964181,8.70096724718765,197.68304279672265
704,0.023839332469436376,0.01515790357560203,63.583590669057024,10.403690711338436,255.64701152692732
700,0.02146337810235259,0.013802393614528495,64.30671606635687,12.279608493689901,322.96986299944086
696,0.022211255694183602,0.013820339931871406,62.22223597871821,11.863352608184242,308.71716689499135
692,0.0249201864270898,0.015103701367167379,60.60830006772626,9.872369550659439,237.98486361194466
688,0.02682962533550906,0.016431196501905082,61.242735582141584,8.406254963845628,186.81578071306802
684,0.02827230017947743,0.017735292145358662,62.73027674710573,7.222134923449566,146.6597888506343
680,0.02898534008743618,0.018570517955313982,64.06865642871465,6.573928464482651,124.44260520963316
676,0.02922881992641906,0.019037814588834273,65.13370925258108,6.22406913004785,112.29937478830257
672,0.02923239805365903,0.019246868874625477,65.84088256904514,6.0473854331820895,105.76757697622158
668,0.02932712626397037,0.019384349954668503,66.09699764031434,5.851765533536824,98.84121912861072
664,0.02870373283515867,0.019171838695582016,66.79214444226845,5.915524671338073,99.99130213433664
660,0.028540186731524676,0.019080437912223202,66.85463585684074,5.9214059403489685,99.76326634695003
656,0.028376258576133753,0.018821001658942012,66.32657934253417,6.029231189406902,102.96207742276567
652,0.028061020676183806,0.018385748748005436,65.52059869871358,6.271151052971323,110.32933823502981
648,0.027576978988327155,0.0179158687613537,64.96675639828847,6.59870230991958,119.83714447967925
644,0.027036048522594856,0.017545513179658516,64.8967365367583,6.906729768509303,128.41994850633634
640,0.026596510366463114,0.01728990372532721,65.00816643648456,7.1107830038426165,133.74558728278816
636,0.026243123204545,0.01708304795578932,65.09533115643316,7.254131528392238,137.21615043947003
632,0.025933226990389427,0.016861435429481906,65.01865516285564,7.429541380046527,141.91823014169879
628,0.025880053899129042,0.01668083051435335,64.45438861668956,7.621548105766874,148.29027532052294
624,0.025964429988247075,0.016433082844908648,63.29075143319981,7.906038448037469,158.69919038462461
620,0.026176989957713486,0.016159972864926608,61.73350293915211,8.230985659094335,170.96831395231567
616,0.026498831822965262,0.015857986969639956,59.844098319445926,8.52263925413544,182.66907215568085
612,0.026905683795194712,0.015614628140772953,58.03468240997349,8.765591438025956,193.19379536481503
608,0.027629319400340375,0.015592356860472634,56.43409681774697,8.793643959715576,196.62728622537003
604,0.028649244617018718,0.015679623343229553,54.72962220412357,8.689376594492646,196.06710623877905
600,0.029317445119433766,0.01843567459569401,62.88295081849914,,
596,0.05434676542763158,0.00946889340128484,17.423103889952134,,
592,0.05446260711622807,0.009242619251100847,16.970578054363557,,
588,0.05457219769736842,0.009120772055905746,16.7132210919656,,
584,0.054606080219298254,0.00901891919038495,16.516327768198945,,
580,0.054632939418859654,0.008909986306355682,16.30881735658524,,
576,0.054793553596491226,0.008918435397172205,16.27643182781872,,
572,0.05508317865131579,0.008926915642690113,16.206246373686486,,
568,0.055635762708333335,0.008946996645131836,16.08137681518963,,
564,0.05644702444078948,0.009004427371233735,15.951996514322902,,
560,0.057272834122807016,0.008981142870113468,15.681331311203655,,
556,0.058414670098684215,0.009039626498019452,15.474925190449836,,
552,0.060027592050438595,0.00914786559279841,15.239434533892101,,
548,0.06167925763157895,0.009325752413770023,15.119754633679902,,
544,0.06312408057017543,0.009457744167791757,14.982783245892229,,
540,0.0642766410855263,0.00963576169757504,14.99107846154208,,
536,0.06489121016447368,0.009822511875774384,15.136891192009184,,
532,0.06503509887061404,0.009757111819551821,15.002839987932347,,
528,0.0649002495504386,0.009598107065107919,14.789014112570625,,
524,0.06449475567982456,0.009820178502791035,15.226320960950648,,
520,0.06428829342105263,0.009942140873573849,15.464932018739939,,
516,0.0638113754385965,0.010178842658084157,15.951454718099454,,
512,0.0638949065131579,0.010668604356697454,16.697112397371555,,
508,0.0642959116118421,0.011174789519416974,17.380248975828792,,
504,0.06545164174342105,0.01218932481570096,18.623405755786386,,
500,0.06659603234649122,0.013068662646064332,19.623785660487457,,
496,0.06768969449561404,0.01373951757496546,20.29779817643543,,
492,0.06890105643640351,0.014784536699580056,21.457634271872678,,
488,0.07033122179824562,0.015362511127940952,21.84308865273284,,
484,0.07170087610745615,0.015718750986452756,21.922676318341622,,
480,0.07306770709429825,0.015532394108104619,21.25753595642345,,
476,0.07406452326754386,0.015334619830802572,20.70440631260017,,
472,0.07482699748903508,0.015382481002877034,20.557394415205735,,
468,0.0754006330482456,0.014959827159526462,19.840452997197406,,
464,0.07588010974780701,0.015163937016191228,19.984073648008234,,
460,0.07626616981359649,0.015775696844710967,20.685051948024437,,
456,0.07650399093201755,0.016185907543959963,21.156945339417614,,
452,0.0770637225877193,0.01602284593976133,20.791684338273445,,
448,0.07608043778508772,0.015123479493342763,19.878276116212184,,
444,0.07396406716008772,0.01409848346124338,19.06126042356303,,
440,0.07312242702850877,0.01383834922434321,18.924904145957782,,
436,0.07280895869517544,0.013410590744115249,18.41887452375264,,
432,0.07249088726973683,0.013051043198166393,18.00370183027803,,
428,0.07292530141447368,0.01344303415690012,18.433978188854006,,
424,0.07327140260964912,0.014143041780526215,19.302267019334657,,
420,0.07293368699561405,0.015947624614580744,21.86592406268968,,
416,0.07258632270833332,0.01424049627538313,19.618704659560112,,
412,0.07161446923245612,0.013673264987076146,19.092880438300224,,
408,0.06953407018640351,0.01390205108880483,19.993150194626743,,
404,0.06777391718201754,0.015763207705560774,23.258516492747784,,
400,0.06946655335416667,0.02237474852314221,32.20938342667918,,
