wavelength_nm_10grid,importance,is_top70pct
350.0,0.0002903029949462536,False
360.0,0.0017765633706800508,False
370.0,0.0009008757496394366,False
380.0,0.0021760546413678774,False
390.0,0.0016981156182003083,False
400.0,0.001621484331005251,False
410.0,0.002724495624771992,False
420.0,0.0019479332043452003,False
430.0,0.0012514094610170407,False
440.0,0.002038746552276184,False
450.0,0.0019438790872527594,False
460.0,0.00165278518141872,False
470.0,0.003270508375125143,False
480.0,0.0028690668029396093,False
490.0,0.0028717351048368808,False
500.0,0.0014636480929943504,False
510.0,0.0027334523772853253,False
520.0,0.0016179252824006928,False
530.0,0.0022320463570519454,False
540.0,0.0029267983402241674,False
550.0,0.0033176761947826716,False
560.0,0.003131885734914755,False
570.0,0.0033678704890037193,False
580.0,0.002806190002007738,False
590.0,0.0037314464668429365,False
600.0,0.003523856892279497,False
610.0,0.005019210067759661,False
620.0,0.004394449173828479,False
630.0,0.005430197797965529,False
640.0,0.004718142282409608,False
650.0,0.0034158469472872085,False
660.0,0.004138337101983583,False
670.0,0.004355192191568432,False
680.0,0.00480766509290822,False
690.0,0.0030498466228496813,False
700.0,0.0048291772142288105,False
710.0,0.006992709694450641,True
720.0,0.0032754841681581536,False
730.0,0.0036081581166485166,False
740.0,0.004881449381128198,False
750.0,0.004276612582891745,False
760.0,0.004499748902031831,False
770.0,0.0033498521279512485,False
780.0,0.004434711424374024,False
790.0,0.002916401750638561,False
800.0,0.004509972838766396,False
810.0,0.004526447156099543,False
820.0,0.002987521082369261,False
830.0,0.0043034718962049485,False
840.0,0.004348472883888265,False
850.0,0.007279231949298594,True
860.0,0.004148796469611214,False
870.0,0.0055229300320636405,False
880.0,0.0038356283332369144,False
890.0,0.005494424345107056,False
900.0,0.005869158779578439,False
910.0,0.005737102988372459,False
920.0,0.005560531910084725,False
930.0,0.0056868886257296055,False
940.0,0.006069438803316411,True
950.0,0.005352563867322065,False
960.0,0.003215436348416628,False
970.0,0.005495655369195114,False
980.0,0.005435784494173159,False
990.0,0.004650439255736389,False
1000.0,0.002979290284910409,False
1010.0,0.006023637196906146,False
1020.0,0.003728864966373706,False
1030.0,0.007216567232390514,True
1040.0,0.004868096483191949,False
1050.0,0.005425885594455067,False
1060.0,0.004561614366662765,False
1070.0,0.0072785817638332745,True
1080.0,0.005570280872603794,False
1090.0,0.004879507806308999,False
1100.0,0.005291588689629424,False
1110.0,0.007439198380356643,True
1120.0,0.0037607863982122066,False
1130.0,0.006765734308719666,True
1140.0,0.005262210417515949,False
1150.0,0.004329321397494297,False
1160.0,0.008164595989602704,True
1170.0,0.0046029796784195776,False
1180.0,0.00521407299206769,False
1190.0,0.0051097874425305185,False
1200.0,0.005347377650420874,False
1210.0,0.004941056270895361,False
1220.0,0.00696106993996094,True
1230.0,0.005950500607692924,False
1240.0,0.0063152962837167235,True
1250.0,0.006327507395448768,True
1260.0,0.006492763297913893,True
1270.0,0.00618848610139867,True
1280.0,0.0053037466049948145,False
1290.0,0.0038769061892444186,False
1300.0,0.005489641994664746,False
1310.0,0.008631893733148911,True
1320.0,0.004406524385401745,False
1330.0,0.006329831753634238,True
1340.0,0.00715396136090611,True
1350.0,0.00426826186098297,False
1360.0,0.006943180007968443,True
1370.0,0.0051283498533129775,False
1380.0,0.0036044009612477704,False
1390.0,0.005090550926881821,False
1400.0,0.00490988737364034,False
1410.0,0.006486821302585593,True
1420.0,0.004065673770880072,False
1430.0,0.0057824680085205565,False
1440.0,0.005385682859942883,False
1450.0,0.005900691459849878,False
1460.0,0.0061822677013091045,True
1470.0,0.004937754796955164,False
1480.0,0.005888401190404212,False
1490.0,0.004866229375180653,False
1500.0,0.00597158725846006,False
1510.0,0.005859870067841244,False
1520.0,0.005910461504434589,False
1530.0,0.005753189725781183,False
1540.0,0.0042483478952426695,False
1550.0,0.004774527436601176,False
1560.0,0.0072653996041193904,True
1570.0,0.0060239482557301275,False
1580.0,0.006404404682951233,True
1590.0,0.00452902467700933,False
1600.0,0.005057012278628633,False
1610.0,0.00323351254916953,False
1620.0,0.007086458906911197,True
1630.0,0.006766549279553481,True
1640.0,0.004559731527183027,False
1650.0,0.006129110401013308,True
1660.0,0.004894708673831704,False
1670.0,0.0044211049221945225,False
1680.0,0.004796647378663262,False
1690.0,0.007115719777735736,True
1700.0,0.006190697654685847,True
1710.0,0.003976337820462743,False
1720.0,0.004842247739193072,False
1730.0,0.00606173327763518,True
1740.0,0.005994752473613385,False
1750.0,0.007203428385747638,True
1760.0,0.008140205683773294,True
1770.0,0.005353333007495713,False
1780.0,0.00746352636116449,True
1790.0,0.007102735449328521,True
1800.0,0.005469412507317863,False
1810.0,0.007234142834029984,True
1820.0,0.006492518304755737,True
1830.0,0.006355226888752301,True
1840.0,0.007132457151037529,True
1850.0,0.003413493403581079,False
1860.0,0.00515277606249235,False
1870.0,0.004977064569952058,False
1880.0,0.004079675670371919,False
1890.0,0.005455992345035688,False
1900.0,0.001996979153536534,False
1910.0,0.0017898309740510942,False
1920.0,0.0032858905862181743,False
1930.0,0.0027304324457540978,False
1940.0,0.00240782978190149,False
1950.0,0.002531600380699684,False
1960.0,0.003583018159511451,False
1970.0,0.0020329389104867934,False
1980.0,0.003499912105857786,False
1990.0,0.004291985007757656,False
2000.0,0.004134186404699118,False
2010.0,0.005543201727971637,False
2020.0,0.003361898928177701,False
2030.0,0.0051683673671411275,False
2040.0,0.004567314531965291,False
2050.0,0.005955374389568005,False
2060.0,0.005948162921705105,False
2070.0,0.0052042604649566995,False
2080.0,0.005133170299222714,False
2090.0,0.005367893291064793,False
2100.0,0.0042937402378734725,False
2110.0,0.0079360261991498,True
2120.0,0.004986398944008726,False
2130.0,0.004922007288252287,False
2140.0,0.005109809218618997,False
2150.0,0.002889941010481829,False
2160.0,0.00600495724109736,False
2170.0,0.007527287197438008,True
2180.0,0.005603572622104875,False
2190.0,0.004391223767202119,False
2200.0,0.00487735734824896,False
2210.0,0.004108105307485785,False
2220.0,0.004793632894214562,False
2230.0,0.004195957787084602,False
2240.0,0.007024922373531223,True
2250.0,0.006358148070376554,True
2260.0,0.004615360402035327,False
2270.0,0.004742693181387634,False
2280.0,0.005615687114601992,False
2290.0,0.0035395734830187013,False
2300.0,0.005068933806677968,False
2310.0,0.005814174497337046,False
2320.0,0.0032683450294014194,False
2330.0,0.004217054643728195,False
2340.0,0.003957801602294735,False
2350.0,0.0037920965764776542,False
2360.0,0.003420685545158371,False
2370.0,0.003868167688143242,False
2380.0,0.0031943717642675842,False
2390.0,0.0038301562200143305,False
2400.0,0.005321633785654407,False
2410.0,0.0029118233593510203,False
2420.0,0.00334748448513064,False
2430.0,0.0034010721672815087,False
2440.0,0.002922290506745654,False
2450.0,0.0022696356837564567,False
2460.0,0.0034391884338983904,False
2470.0,0.0011773632794691367,False
2480.0,0.0020025211978279677,False
2490.0,0.0013220067176407365,False
2500.0,0.0005498394152676277,False
